id,EC1,EC2
14838,0,0
14839,0,1
14840,1,1
14841,0,0
14842,0,1
14843,0,1
14844,0,1
14845,0,0
14846,1,0
14847,0,0
14848,1,1
14849,0,1
14850,1,1
14851,0,1
14852,0,1
14853,0,1
14854,0,0
14855,1,0
14856,0,0
14857,0,0
14858,0,1
14859,1,1
14860,0,0
14861,0,1
14862,0,0
14863,0,1
14864,1,1
14865,1,0
14866,0,1
14867,0,0
14868,0,1
14869,0,0
14870,1,0
14871,1,0
14872,1,0
14873,1,0
14874,0,0
14875,0,0
14876,0,0
14877,0,0
14878,0,1
14879,0,0
14880,0,0
14881,1,1
14882,0,0
14883,0,1
14884,0,1
14885,0,1
14886,0,1
14887,0,0
14888,0,0
14889,0,0
14890,0,1
14891,1,0
14892,0,0
14893,0,0
14894,0,0
14895,0,1
14896,0,0
14897,0,1
14898,0,0
14899,0,1
14900,0,1
14901,0,1
14902,0,1
14903,1,0
14904,0,1
14905,1,0
14906,0,0
14907,0,0
14908,0,1
14909,0,0
14910,1,1
14911,1,0
14912,0,0
14913,0,1
14914,0,1
14915,0,1
14916,0,1
14917,0,1
14918,0,1
14919,1,0
14920,0,1
14921,0,1
14922,0,0
14923,0,1
14924,0,1
14925,0,0
14926,0,1
14927,0,0
14928,1,0
14929,1,1
14930,1,1
14931,0,0
14932,0,0
14933,1,0
14934,0,1
14935,0,0
14936,0,0
14937,0,0
14938,0,1
14939,1,1
14940,0,0
14941,1,1
14942,0,1
14943,0,0
14944,0,1
14945,0,1
14946,0,1
14947,1,1
14948,0,0
14949,0,0
14950,0,1
14951,0,0
14952,0,0
14953,0,0
14954,0,1
14955,0,1
14956,0,1
14957,1,0
14958,1,1
14959,0,0
14960,0,1
14961,1,1
14962,0,1
14963,0,0
14964,0,0
14965,0,1
14966,0,0
14967,0,0
14968,0,1
14969,1,0
14970,0,1
14971,0,1
14972,0,0
14973,1,1
14974,0,1
14975,0,1
14976,0,0
14977,0,0
14978,0,1
14979,1,1
14980,0,1
14981,0,1
14982,0,1
14983,0,0
14984,0,0
14985,1,0
14986,1,0
14987,0,0
14988,0,0
14989,0,0
14990,0,0
14991,1,0
14992,0,1
14993,0,0
14994,0,1
14995,0,1
14996,0,1
14997,0,1
14998,0,0
14999,0,1
15000,1,1
15001,0,1
15002,1,1
15003,1,0
15004,1,0
15005,0,0
15006,0,0
15007,0,0
15008,0,1
15009,0,0
15010,0,0
15011,0,0
15012,0,1
15013,1,0
15014,0,0
15015,0,0
15016,1,0
15017,0,1
15018,0,1
15019,0,0
15020,0,0
15021,0,1
15022,0,1
15023,0,0
15024,0,1
15025,0,0
15026,0,0
15027,0,1
15028,1,1
15029,1,1
15030,0,1
15031,0,1
15032,1,0
15033,0,1
15034,0,0
15035,0,0
15036,0,1
15037,1,1
15038,1,1
15039,1,0
15040,0,0
15041,0,0
15042,0,1
15043,0,0
15044,0,1
15045,0,1
15046,0,0
15047,0,0
15048,1,1
15049,0,1
15050,0,0
15051,0,0
15052,1,1
15053,0,1
15054,0,1
15055,0,0
15056,0,0
15057,0,0
15058,0,0
15059,0,1
15060,0,0
15061,0,1
15062,0,0
15063,0,1
15064,0,0
15065,0,0
15066,0,0
15067,0,1
15068,0,1
15069,0,0
15070,0,0
15071,0,0
15072,0,1
15073,0,1
15074,0,1
15075,0,1
15076,0,1
15077,0,0
15078,0,1
15079,0,0
15080,0,1
15081,1,0
15082,1,0
15083,0,0
15084,1,0
15085,0,0
15086,0,0
15087,0,0
15088,0,0
15089,0,1
15090,0,0
15091,0,1
15092,0,0
15093,0,1
15094,0,0
15095,0,1
15096,0,1
15097,1,0
15098,0,0
15099,0,0
15100,0,1
15101,0,1
15102,0,1
15103,1,0
15104,0,1
15105,0,0
15106,1,1
15107,1,1
15108,0,1
15109,0,1
15110,0,1
15111,0,1
15112,0,0
15113,0,1
15114,0,0
15115,0,1
15116,1,1
15117,1,1
15118,1,0
15119,0,1
15120,0,1
15121,0,1
15122,0,1
15123,1,0
15124,0,1
15125,0,0
15126,0,1
15127,0,1
15128,0,1
15129,0,0
15130,0,0
15131,0,1
15132,0,1
15133,1,0
15134,0,1
15135,0,1
15136,1,1
15137,0,0
15138,0,1
15139,0,1
15140,0,0
15141,0,0
15142,0,1
15143,0,0
15144,1,1
15145,0,1
15146,1,1
15147,0,1
15148,0,1
15149,0,1
15150,0,0
15151,0,0
15152,1,0
15153,0,1
15154,0,1
15155,0,0
15156,0,0
15157,0,1
15158,0,1
15159,0,0
15160,0,1
15161,0,1
15162,0,0
15163,0,0
15164,1,0
15165,1,0
15166,0,0
15167,0,0
15168,0,0
15169,0,1
15170,1,1
15171,0,1
15172,0,1
15173,0,1
15174,0,0
15175,1,0
15176,0,0
15177,0,0
15178,0,1
15179,0,0
15180,0,0
15181,0,1
15182,0,1
15183,0,0
15184,0,0
15185,0,1
15186,0,0
15187,0,0
15188,0,1
15189,0,1
15190,0,0
15191,0,1
15192,1,1
15193,0,0
15194,0,0
15195,0,1
15196,0,0
15197,0,1
15198,0,1
15199,0,1
15200,0,0
15201,1,1
15202,0,1
15203,0,1
15204,1,0
15205,0,0
15206,0,1
15207,0,0
15208,0,1
15209,1,0
15210,0,1
15211,1,1
15212,0,1
15213,0,1
15214,0,1
15215,0,1
15216,0,1
15217,0,1
15218,0,0
15219,1,1
15220,0,1
15221,0,1
15222,0,1
15223,1,0
15224,0,1
15225,0,0
15226,0,0
15227,0,0
15228,0,1
15229,1,0
15230,0,1
15231,0,1
15232,0,1
15233,0,0
15234,0,0
15235,1,1
15236,0,0
15237,0,0
15238,0,0
15239,0,1
15240,0,0
15241,0,1
15242,1,1
15243,1,0
15244,0,0
15245,1,1
15246,1,0
15247,0,1
15248,1,1
15249,0,0
15250,0,0
15251,0,0
15252,0,0
15253,0,0
15254,0,1
15255,0,1
15256,1,1
15257,0,1
15258,0,1
15259,0,0
15260,1,0
15261,1,1
15262,0,0
15263,0,1
15264,0,0
15265,0,0
15266,0,0
15267,0,0
15268,0,1
15269,0,0
15270,1,1
15271,0,1
15272,0,0
15273,0,1
15274,1,0
15275,0,1
15276,0,1
15277,0,0
15278,0,0
15279,0,1
15280,0,1
15281,1,0
15282,0,0
15283,0,1
15284,0,0
15285,0,1
15286,1,0
15287,0,1
15288,0,0
15289,0,0
15290,0,0
15291,1,0
15292,0,1
15293,0,0
15294,0,1
15295,1,0
15296,1,1
15297,0,0
15298,0,0
15299,0,0
15300,0,1
15301,1,1
15302,0,1
15303,1,1
15304,0,1
15305,0,1
15306,0,0
15307,0,1
15308,1,0
15309,1,0
15310,0,0
15311,0,0
15312,0,0
15313,0,1
15314,0,1
15315,0,0
15316,0,0
15317,0,0
15318,1,0
15319,0,1
15320,0,0
15321,0,1
15322,0,1
15323,0,1
15324,0,0
15325,0,1
15326,0,0
15327,1,0
15328,0,0
15329,0,0
15330,0,0
15331,0,0
15332,0,1
15333,0,0
15334,1,0
15335,0,1
15336,0,1
15337,0,0
15338,0,0
15339,0,0
15340,1,1
15341,0,1
15342,0,1
15343,0,1
15344,0,1
15345,0,0
15346,0,0
15347,0,1
15348,0,1
15349,0,0
15350,0,0
15351,0,0
15352,1,1
15353,0,1
15354,0,1
15355,0,0
15356,1,1
15357,1,0
15358,0,1
15359,0,0
15360,0,1
15361,0,0
15362,0,0
15363,1,0
15364,1,1
15365,1,0
15366,0,0
15367,0,1
15368,0,0
15369,1,0
15370,0,1
15371,1,0
15372,0,0
15373,0,0
15374,0,1
15375,0,1
15376,0,1
15377,0,0
15378,0,0
15379,0,0
15380,0,1
15381,1,0
15382,0,1
15383,0,0
15384,0,0
15385,0,0
15386,0,1
15387,0,1
15388,0,1
15389,0,1
15390,0,0
15391,1,1
15392,0,1
15393,0,1
15394,0,0
15395,0,0
15396,0,1
15397,0,0
15398,0,1
15399,0,0
15400,0,1
15401,1,0
15402,0,1
15403,0,1
15404,0,1
15405,0,1
15406,1,1
15407,0,0
15408,0,0
15409,0,0
15410,0,1
15411,1,0
15412,0,1
15413,1,0
15414,0,0
15415,0,1
15416,0,1
15417,0,0
15418,0,1
15419,1,0
15420,1,1
15421,0,1
15422,0,1
15423,0,0
15424,0,1
15425,0,1
15426,0,1
15427,0,0
15428,0,0
15429,0,0
15430,0,1
15431,0,0
15432,0,1
15433,0,1
15434,0,0
15435,0,0
15436,0,0
15437,0,0
15438,0,0
15439,0,1
15440,0,0
15441,0,0
15442,0,1
15443,0,0
15444,0,0
15445,0,0
15446,0,0
15447,0,1
15448,1,0
15449,0,1
15450,0,0
15451,0,0
15452,0,1
15453,0,0
15454,1,1
15455,0,1
15456,0,0
15457,1,0
15458,1,0
15459,0,0
15460,0,0
15461,0,1
15462,0,1
15463,0,0
15464,0,0
15465,0,0
15466,0,1
15467,0,0
15468,0,0
15469,0,0
15470,0,0
15471,1,0
15472,0,1
15473,0,0
15474,1,1
15475,0,1
15476,0,0
15477,0,0
15478,1,0
15479,0,1
15480,0,1
15481,1,0
15482,0,1
15483,0,1
15484,0,1
15485,0,0
15486,0,0
15487,0,1
15488,0,0
15489,0,1
15490,1,0
15491,0,0
15492,1,0
15493,0,0
15494,0,1
15495,1,0
15496,0,0
15497,0,0
15498,0,1
15499,0,0
15500,1,0
15501,0,1
15502,1,1
15503,0,0
15504,0,0
15505,0,0
15506,0,1
15507,0,0
15508,0,0
15509,0,0
15510,0,0
15511,1,0
15512,0,1
15513,0,0
15514,0,0
15515,0,1
15516,0,0
15517,0,0
15518,0,1
15519,0,0
15520,1,1
15521,0,0
15522,1,0
15523,0,0
15524,1,0
15525,0,0
15526,0,0
15527,1,0
15528,0,1
15529,0,0
15530,0,1
15531,0,1
15532,0,1
15533,0,1
15534,0,0
15535,0,0
15536,0,1
15537,0,1
15538,0,1
15539,1,1
15540,0,0
15541,1,0
15542,0,0
15543,0,0
15544,1,0
15545,0,0
15546,0,0
15547,0,1
15548,0,1
15549,1,0
15550,1,1
15551,0,1
15552,0,0
15553,0,1
15554,0,1
15555,0,1
15556,0,0
15557,0,1
15558,0,0
15559,0,0
15560,1,0
15561,0,0
15562,0,0
15563,0,1
15564,0,1
15565,0,0
15566,1,0
15567,0,0
15568,0,1
15569,0,1
15570,0,1
15571,1,0
15572,1,0
15573,0,0
15574,1,0
15575,0,1
15576,0,0
15577,0,1
15578,1,0
15579,1,0
15580,0,1
15581,0,1
15582,0,1
15583,0,0
15584,0,1
15585,1,0
15586,1,0
15587,0,1
15588,0,1
15589,1,0
15590,0,0
15591,0,0
15592,0,1
15593,1,1
15594,0,1
15595,0,0
15596,0,1
15597,0,1
15598,0,1
15599,0,0
15600,0,1
15601,0,0
15602,0,0
15603,0,1
15604,0,1
15605,0,1
15606,0,1
15607,0,0
15608,1,0
15609,0,0
15610,1,1
15611,0,1
15612,0,1
15613,0,0
15614,0,0
15615,0,1
15616,1,0
15617,1,1
15618,0,0
15619,0,1
15620,0,1
15621,1,1
15622,0,1
15623,0,1
15624,0,0
15625,0,0
15626,0,1
15627,0,1
15628,0,1
15629,0,0
15630,0,0
15631,0,0
15632,0,0
15633,0,0
15634,1,1
15635,0,1
15636,0,0
15637,1,0
15638,0,1
15639,1,0
15640,0,1
15641,0,1
15642,0,1
15643,0,1
15644,0,0
15645,0,0
15646,0,0
15647,0,1
15648,0,1
15649,0,1
15650,0,1
15651,0,0
15652,0,1
15653,1,1
15654,0,0
15655,0,1
15656,1,1
15657,0,1
15658,0,1
15659,0,0
15660,0,0
15661,0,0
15662,1,1
15663,0,1
15664,1,1
15665,1,1
15666,0,0
15667,0,1
15668,0,1
15669,0,1
15670,0,0
15671,0,1
15672,0,1
15673,0,0
15674,0,0
15675,0,1
15676,0,0
15677,0,0
15678,0,1
15679,0,0
15680,0,1
15681,0,1
15682,1,1
15683,1,1
15684,0,0
15685,0,1
15686,0,0
15687,1,0
15688,1,1
15689,1,1
15690,0,0
15691,0,1
15692,0,1
15693,0,1
15694,0,1
15695,0,0
15696,0,0
15697,1,0
15698,1,0
15699,1,0
15700,1,0
15701,0,0
15702,0,1
15703,0,0
15704,0,0
15705,0,0
15706,1,1
15707,1,0
15708,0,0
15709,0,0
15710,0,0
15711,0,1
15712,0,1
15713,0,0
15714,0,1
15715,0,0
15716,1,0
15717,0,0
15718,1,0
15719,1,1
15720,0,1
15721,0,0
15722,0,1
15723,0,1
15724,0,1
15725,0,0
15726,0,0
15727,0,1
15728,0,1
15729,0,0
15730,0,1
15731,0,0
15732,0,1
15733,1,0
15734,1,0
15735,0,0
15736,0,1
15737,1,1
15738,0,0
15739,0,1
15740,0,1
15741,1,1
15742,0,0
15743,1,0
15744,0,1
15745,0,1
15746,0,0
15747,1,0
15748,0,0
15749,1,1
15750,0,0
15751,0,0
15752,0,1
15753,0,0
15754,1,1
15755,0,0
15756,0,0
15757,0,0
15758,0,0
15759,1,0
15760,0,1
15761,0,1
15762,1,0
15763,0,1
15764,0,0
15765,0,1
15766,0,1
15767,0,0
15768,0,0
15769,0,0
15770,0,1
15771,0,0
15772,0,1
15773,0,1
15774,0,1
15775,0,1
15776,0,0
15777,1,0
15778,0,1
15779,0,0
15780,1,0
15781,0,0
15782,1,1
15783,0,1
15784,0,0
15785,0,1
15786,0,1
15787,1,1
15788,1,0
15789,0,0
15790,0,1
15791,0,1
15792,0,0
15793,0,1
15794,0,1
15795,0,1
15796,0,1
15797,1,0
15798,0,0
15799,0,1
15800,0,0
15801,0,1
15802,0,0
15803,0,0
15804,0,1
15805,0,0
15806,0,0
15807,0,1
15808,0,1
15809,0,1
15810,0,1
15811,0,1
15812,0,1
15813,0,1
15814,0,1
15815,0,0
15816,0,0
15817,0,0
15818,0,1
15819,0,0
15820,1,1
15821,0,1
15822,0,1
15823,1,0
15824,0,0
15825,0,0
15826,0,1
15827,0,1
15828,0,1
15829,0,0
15830,0,1
15831,0,0
15832,0,1
15833,0,1
15834,0,1
15835,1,1
15836,0,0
15837,0,0
15838,0,0
15839,0,1
15840,0,1
15841,0,0
15842,1,1
15843,0,0
15844,0,0
15845,0,1
15846,0,1
15847,0,1
15848,0,1
15849,0,1
15850,0,0
15851,0,1
15852,0,1
15853,1,1
15854,0,0
15855,0,0
15856,1,0
15857,0,1
15858,1,0
15859,0,1
15860,1,0
15861,0,0
15862,0,0
15863,0,0
15864,0,1
15865,0,0
15866,0,0
15867,0,1
15868,1,1
15869,0,1
15870,0,0
15871,0,1
15872,0,1
15873,0,0
15874,0,1
15875,0,0
15876,1,0
15877,0,1
15878,0,0
15879,0,1
15880,1,1
15881,0,0
15882,0,0
15883,0,0
15884,1,0
15885,0,0
15886,0,1
15887,0,0
15888,0,0
15889,0,0
15890,0,1
15891,0,1
15892,1,0
15893,0,1
15894,1,0
15895,0,0
15896,0,1
15897,0,0
15898,0,1
15899,0,1
15900,1,1
15901,0,0
15902,0,1
15903,0,0
15904,1,0
15905,0,0
15906,0,1
15907,0,1
15908,1,1
15909,0,1
15910,0,1
15911,0,1
15912,0,0
15913,1,0
15914,0,0
15915,0,0
15916,0,1
15917,0,0
15918,0,0
15919,0,0
15920,0,1
15921,0,1
15922,0,0
15923,0,1
15924,0,0
15925,0,0
15926,0,1
15927,0,1
15928,1,1
15929,0,0
15930,1,0
15931,0,0
15932,0,1
15933,0,1
15934,0,1
15935,1,0
15936,0,0
15937,1,0
15938,0,0
15939,0,0
15940,0,1
15941,1,0
15942,0,1
15943,0,0
15944,1,1
15945,0,0
15946,0,1
15947,0,0
15948,0,1
15949,0,1
15950,0,1
15951,1,1
15952,0,1
15953,0,1
15954,0,1
15955,1,0
15956,0,0
15957,0,1
15958,0,0
15959,1,0
15960,0,0
15961,0,1
15962,0,1
15963,0,0
15964,0,0
15965,1,0
15966,0,0
15967,0,1
15968,0,1
15969,0,0
15970,0,1
15971,1,0
15972,1,0
15973,0,0
15974,1,0
15975,0,0
15976,1,0
15977,0,1
15978,0,0
15979,0,1
15980,0,1
15981,1,0
15982,1,0
15983,0,1
15984,0,1
15985,0,1
15986,0,1
15987,0,1
15988,0,0
15989,0,1
15990,0,1
15991,0,1
15992,0,0
15993,0,0
15994,1,1
15995,0,0
15996,0,0
15997,0,1
15998,0,0
15999,0,0
16000,1,0
16001,0,0
16002,0,1
16003,0,1
16004,1,0
16005,0,0
16006,0,1
16007,1,0
16008,0,0
16009,0,0
16010,0,0
16011,0,1
16012,0,0
16013,0,0
16014,0,0
16015,0,1
16016,1,1
16017,0,1
16018,0,1
16019,0,1
16020,0,0
16021,0,0
16022,1,0
16023,0,1
16024,0,0
16025,0,0
16026,0,0
16027,0,1
16028,0,0
16029,0,0
16030,0,1
16031,1,0
16032,0,1
16033,0,1
16034,0,0
16035,0,1
16036,1,1
16037,0,0
16038,0,1
16039,0,0
16040,1,1
16041,1,1
16042,1,0
16043,1,1
16044,0,0
16045,1,1
16046,0,1
16047,1,1
16048,1,1
16049,0,1
16050,0,1
16051,0,0
16052,0,0
16053,0,1
16054,0,1
16055,0,0
16056,0,0
16057,0,1
16058,0,0
16059,0,0
16060,1,0
16061,0,1
16062,0,1
16063,0,1
16064,1,0
16065,0,0
16066,0,0
16067,1,0
16068,0,0
16069,1,1
16070,0,0
16071,0,0
16072,0,0
16073,0,0
16074,1,0
16075,0,1
16076,0,1
16077,0,1
16078,0,0
16079,0,1
16080,1,0
16081,0,1
16082,0,0
16083,0,1
16084,0,0
16085,0,0
16086,0,1
16087,0,0
16088,0,1
16089,0,1
16090,0,0
16091,0,0
16092,0,1
16093,0,0
16094,0,1
16095,0,1
16096,0,0
16097,0,1
16098,0,1
16099,0,1
16100,0,0
16101,0,1
16102,0,1
16103,1,1
16104,1,1
16105,0,0
16106,0,0
16107,0,0
16108,1,0
16109,0,1
16110,0,1
16111,1,0
16112,0,1
16113,0,0
16114,0,1
16115,0,0
16116,1,0
16117,0,0
16118,0,0
16119,0,1
16120,0,0
16121,0,1
16122,0,0
16123,0,1
16124,1,0
16125,0,1
16126,0,0
16127,1,0
16128,0,1
16129,0,0
16130,0,0
16131,0,0
16132,0,0
16133,1,1
16134,0,1
16135,0,0
16136,1,0
16137,0,0
16138,0,0
16139,1,0
16140,0,0
16141,0,1
16142,0,1
16143,0,1
16144,1,1
16145,0,1
16146,0,1
16147,1,0
16148,0,0
16149,1,0
16150,0,1
16151,0,0
16152,0,1
16153,1,0
16154,0,1
16155,1,0
16156,0,1
16157,0,0
16158,0,1
16159,0,1
16160,0,1
16161,0,1
16162,0,0
16163,0,1
16164,0,0
16165,0,1
16166,0,0
16167,0,0
16168,0,1
16169,0,1
16170,0,1
16171,0,1
16172,0,1
16173,0,0
16174,0,0
16175,0,1
16176,0,1
16177,0,0
16178,0,1
16179,0,1
16180,1,0
16181,0,0
16182,0,0
16183,0,1
16184,1,0
16185,0,1
16186,0,1
16187,1,0
16188,0,1
16189,0,0
16190,0,0
16191,0,1
16192,0,1
16193,1,0
16194,0,1
16195,0,1
16196,1,1
16197,0,1
16198,0,0
16199,0,1
16200,1,1
16201,0,0
16202,0,0
16203,0,1
16204,1,0
16205,1,0
16206,0,1
16207,0,1
16208,1,0
16209,0,0
16210,0,1
16211,1,0
16212,0,1
16213,0,0
16214,0,1
16215,0,0
16216,0,1
16217,0,1
16218,0,0
16219,0,1
16220,0,0
16221,0,1
16222,0,1
16223,0,1
16224,1,0
16225,0,1
16226,1,0
16227,0,1
16228,0,0
16229,0,1
16230,0,0
16231,0,1
16232,0,1
16233,0,0
16234,0,1
16235,0,1
16236,0,1
16237,0,1
16238,0,1
16239,0,1
16240,0,1
16241,0,1
16242,0,0
16243,0,0
16244,0,0
16245,0,0
16246,0,0
16247,0,1
16248,1,0
16249,0,1
16250,0,1
16251,0,1
16252,1,0
16253,0,0
16254,0,1
16255,1,0
16256,0,1
16257,0,1
16258,0,0
16259,0,0
16260,0,1
16261,0,0
16262,0,0
16263,1,1
16264,0,1
16265,1,1
16266,0,1
16267,0,1
16268,0,1
16269,1,1
16270,0,0
16271,0,1
16272,0,1
16273,0,0
16274,0,1
16275,0,1
16276,0,0
16277,0,1
16278,0,1
16279,0,1
16280,0,0
16281,0,1
16282,1,0
16283,0,1
16284,0,1
16285,0,0
16286,1,1
16287,1,1
16288,0,1
16289,1,0
16290,1,1
16291,1,0
16292,0,0
16293,0,1
16294,0,0
16295,1,0
16296,0,0
16297,0,1
16298,1,0
16299,0,1
16300,0,1
16301,0,0
16302,1,0
16303,0,0
16304,1,1
16305,0,0
16306,0,0
16307,1,0
16308,0,0
16309,0,0
16310,1,0
16311,0,0
16312,0,0
16313,0,0
16314,0,1
16315,0,0
16316,0,1
16317,1,0
16318,0,1
16319,0,0
16320,0,0
16321,0,1
16322,0,1
16323,0,1
16324,0,1
16325,0,1
16326,0,1
16327,0,1
16328,0,1
16329,0,0
16330,0,0
16331,0,0
16332,1,0
16333,1,1
16334,0,1
16335,0,0
16336,0,0
16337,0,0
16338,1,0
16339,0,1
16340,0,1
16341,0,0
16342,0,1
16343,1,1
16344,1,1
16345,0,0
16346,0,1
16347,1,0
16348,0,0
16349,0,1
16350,0,1
16351,0,1
16352,0,0
16353,0,0
16354,0,1
16355,0,0
16356,0,0
16357,0,1
16358,0,1
16359,0,0
16360,1,0
16361,1,0
16362,0,0
16363,0,0
16364,1,0
16365,1,1
16366,0,1
16367,0,0
16368,0,0
16369,1,0
16370,0,0
16371,0,1
16372,0,1
16373,0,1
16374,0,0
16375,0,0
16376,0,1
16377,1,1
16378,1,0
16379,0,0
16380,0,0
16381,0,1
16382,1,0
16383,0,0
16384,0,1
16385,0,1
16386,0,0
16387,1,0
16388,0,0
16389,0,1
16390,0,0
16391,1,1
16392,0,0
16393,1,0
16394,0,1
16395,1,1
16396,0,1
16397,0,1
16398,0,1
16399,1,0
16400,0,0
16401,0,0
16402,1,1
16403,0,0
16404,1,0
16405,0,1
16406,0,0
16407,1,0
16408,1,0
16409,1,0
16410,1,1
16411,0,0
16412,0,1
16413,0,1
16414,0,0
16415,0,0
16416,0,1
16417,0,1
16418,0,1
16419,0,1
16420,0,0
16421,1,1
16422,0,1
16423,0,0
16424,0,0
16425,0,1
16426,1,1
16427,0,1
16428,0,0
16429,0,1
16430,1,1
16431,0,1
16432,0,1
16433,0,0
16434,0,0
16435,0,1
16436,0,1
16437,0,0
16438,0,1
16439,0,1
16440,0,1
16441,0,0
16442,1,0
16443,0,0
16444,0,1
16445,0,1
16446,0,0
16447,1,1
16448,0,1
16449,0,0
16450,0,1
16451,0,0
16452,1,1
16453,0,0
16454,0,1
16455,0,0
16456,0,1
16457,0,1
16458,0,0
16459,0,0
16460,0,0
16461,1,0
16462,0,0
16463,0,0
16464,0,1
16465,0,0
16466,0,1
16467,0,1
16468,1,0
16469,0,1
16470,0,0
16471,0,1
16472,1,1
16473,0,1
16474,1,0
16475,0,1
16476,1,0
16477,1,1
16478,0,0
16479,0,1
16480,0,1
16481,0,1
16482,0,1
16483,0,0
16484,1,0
16485,1,1
16486,0,1
16487,0,1
16488,0,1
16489,0,0
16490,1,1
16491,0,0
16492,0,0
16493,0,1
16494,0,1
16495,0,0
16496,0,1
16497,0,1
16498,0,0
16499,0,1
16500,0,0
16501,0,1
16502,0,1
16503,0,1
16504,0,0
16505,1,1
16506,0,1
16507,0,0
16508,0,1
16509,0,0
16510,0,1
16511,0,0
16512,0,1
16513,0,0
16514,0,0
16515,0,1
16516,0,1
16517,0,0
16518,0,0
16519,0,0
16520,0,1
16521,0,0
16522,1,0
16523,1,0
16524,0,1
16525,0,0
16526,0,1
16527,0,0
16528,1,0
16529,0,1
16530,1,0
16531,0,0
16532,1,0
16533,1,1
16534,0,0
16535,0,1
16536,1,0
16537,0,0
16538,0,1
16539,0,0
16540,0,1
16541,0,1
16542,0,0
16543,0,1
16544,1,0
16545,0,1
16546,0,0
16547,0,0
16548,0,1
16549,0,1
16550,1,1
16551,0,1
16552,0,1
16553,1,0
16554,1,1
16555,0,0
16556,0,0
16557,0,1
16558,0,0
16559,0,1
16560,0,1
16561,0,1
16562,0,0
16563,0,1
16564,0,0
16565,1,1
16566,0,0
16567,0,1
16568,1,1
16569,0,0
16570,1,1
16571,1,1
16572,0,1
16573,1,1
16574,0,0
16575,1,1
16576,0,1
16577,0,1
16578,0,1
16579,0,0
16580,1,0
16581,0,1
16582,0,1
16583,0,1
16584,0,0
16585,0,0
16586,1,1
16587,1,0
16588,0,1
16589,0,0
16590,1,0
16591,1,0
16592,0,1
16593,1,0
16594,0,0
16595,0,0
16596,1,0
16597,0,1
16598,0,1
16599,0,1
16600,0,0
16601,0,0
16602,0,1
16603,0,1
16604,0,0
16605,0,0
16606,0,1
16607,0,1
16608,1,0
16609,0,1
16610,1,0
16611,0,0
16612,1,0
16613,0,0
16614,1,0
16615,0,0
16616,0,1
16617,0,1
16618,0,1
16619,0,0
16620,0,0
16621,0,0
16622,1,1
16623,1,1
16624,0,0
16625,0,0
16626,0,1
16627,0,1
16628,1,0
16629,0,1
16630,0,0
16631,0,1
16632,0,1
16633,0,1
16634,1,1
16635,0,1
16636,0,0
16637,0,0
16638,0,1
16639,0,0
16640,0,0
16641,0,1
16642,0,0
16643,0,1
16644,0,0
16645,0,1
16646,0,0
16647,0,0
16648,0,1
16649,0,0
16650,0,0
16651,1,0
16652,1,1
16653,0,0
16654,1,0
16655,0,0
16656,0,0
16657,1,1
16658,0,0
16659,0,0
16660,0,0
16661,0,0
16662,0,0
16663,0,0
16664,0,1
16665,0,0
16666,0,1
16667,0,0
16668,1,1
16669,1,0
16670,0,0
16671,0,0
16672,1,0
16673,0,1
16674,0,1
16675,0,1
16676,0,0
16677,1,1
16678,0,1
16679,0,1
16680,1,1
16681,0,1
16682,0,0
16683,0,1
16684,0,1
16685,0,0
16686,0,0
16687,0,1
16688,0,0
16689,0,1
16690,0,1
16691,0,0
16692,1,1
16693,0,0
16694,0,0
16695,0,1
16696,0,0
16697,0,1
16698,0,1
16699,0,1
16700,0,1
16701,1,0
16702,0,1
16703,1,0
16704,0,0
16705,0,0
16706,0,1
16707,0,1
16708,0,1
16709,0,0
16710,0,1
16711,0,0
16712,0,1
16713,0,1
16714,0,1
16715,1,1
16716,0,1
16717,0,0
16718,0,0
16719,0,0
16720,0,1
16721,0,1
16722,0,1
16723,0,0
16724,0,1
16725,0,0
16726,0,0
16727,0,1
16728,0,0
16729,0,1
16730,0,0
16731,0,0
16732,0,0
16733,0,1
16734,0,0
16735,1,1
16736,0,0
16737,0,1
16738,1,0
16739,0,1
16740,0,1
16741,0,0
16742,0,0
16743,0,1
16744,0,1
16745,0,0
16746,0,1
16747,0,0
16748,1,0
16749,1,1
16750,0,1
16751,0,0
16752,1,0
16753,0,1
16754,0,1
16755,0,1
16756,0,1
16757,0,1
16758,0,1
16759,0,1
16760,0,1
16761,1,0
16762,0,0
16763,0,1
16764,0,1
16765,1,1
16766,0,0
16767,1,1
16768,0,1
16769,0,0
16770,0,1
16771,0,1
16772,0,0
16773,1,0
16774,0,1
16775,0,1
16776,0,1
16777,1,1
16778,0,0
16779,0,1
16780,0,0
16781,0,1
16782,0,1
16783,0,1
16784,0,0
16785,0,1
16786,0,0
16787,0,0
16788,0,1
16789,1,1
16790,0,0
16791,0,0
16792,0,0
16793,0,0
16794,0,1
16795,0,1
16796,0,1
16797,0,0
16798,0,1
16799,1,0
16800,0,0
16801,0,0
16802,0,1
16803,1,0
16804,0,0
16805,1,0
16806,0,0
16807,0,0
16808,0,1
16809,0,1
16810,0,0
16811,0,0
16812,0,1
16813,0,0
16814,0,1
16815,0,0
16816,0,1
16817,0,0
16818,0,1
16819,0,0
16820,0,1
16821,1,0
16822,0,1
16823,0,1
16824,0,1
16825,0,1
16826,0,0
16827,0,1
16828,0,1
16829,0,0
16830,0,0
16831,1,0
16832,0,1
16833,0,1
16834,1,0
16835,0,1
16836,1,1
16837,1,1
16838,0,1
16839,0,0
16840,0,1
16841,1,1
16842,0,0
16843,0,1
16844,1,0
16845,0,1
16846,0,1
16847,1,0
16848,1,1
16849,0,1
16850,1,0
16851,0,0
16852,0,0
16853,0,1
16854,0,0
16855,0,0
16856,0,0
16857,0,1
16858,0,0
16859,1,1
16860,0,0
16861,0,1
16862,1,0
16863,0,1
16864,0,0
16865,0,1
16866,0,1
16867,1,0
16868,0,1
16869,0,0
16870,1,0
16871,0,0
16872,0,1
16873,0,0
16874,0,1
16875,0,1
16876,0,0
16877,0,1
16878,1,0
16879,1,1
16880,0,1
16881,0,0
16882,0,1
16883,1,0
16884,0,1
16885,0,0
16886,0,1
16887,0,1
16888,0,0
16889,1,0
16890,0,1
16891,0,0
16892,0,1
16893,0,0
16894,0,0
16895,0,1
16896,0,0
16897,0,0
16898,0,1
16899,0,1
16900,1,0
16901,0,1
16902,0,0
16903,1,1
16904,0,1
16905,0,1
16906,1,1
16907,0,0
16908,1,0
16909,0,1
16910,0,1
16911,1,0
16912,1,0
16913,1,1
16914,0,0
16915,0,0
16916,0,0
16917,0,1
16918,0,0
16919,0,1
16920,1,0
16921,0,1
16922,1,0
16923,0,1
16924,0,1
16925,0,1
16926,0,0
16927,1,0
16928,0,1
16929,0,0
16930,0,1
16931,0,0
16932,1,0
16933,0,0
16934,0,0
16935,0,1
16936,0,0
16937,0,1
16938,1,0
16939,1,0
16940,1,1
16941,0,1
16942,0,1
16943,0,1
16944,0,1
16945,0,0
16946,0,0
16947,1,0
16948,1,1
16949,0,1
16950,1,0
16951,0,1
16952,1,1
16953,0,0
16954,0,0
16955,0,0
16956,1,0
16957,0,0
16958,1,0
16959,1,1
16960,0,0
16961,0,1
16962,1,0
16963,0,1
16964,1,1
16965,0,0
16966,1,0
16967,0,1
16968,0,1
16969,0,0
16970,0,0
16971,0,0
16972,0,0
16973,0,1
16974,0,0
16975,0,0
16976,0,1
16977,0,1
16978,0,1
16979,0,0
16980,0,1
16981,0,0
16982,0,0
16983,1,1
16984,0,0
16985,0,1
16986,0,1
16987,0,0
16988,0,1
16989,0,1
16990,0,0
16991,0,0
16992,0,0
16993,0,0
16994,0,1
16995,1,0
16996,0,1
16997,0,0
16998,0,0
16999,0,1
17000,1,0
17001,0,1
17002,0,1
17003,0,0
17004,0,1
17005,0,1
17006,0,0
17007,1,1
17008,0,0
17009,0,0
17010,0,0
17011,0,0
17012,0,1
17013,1,1
17014,0,1
17015,0,1
17016,0,1
17017,0,0
17018,0,0
17019,1,0
17020,0,1
17021,0,0
17022,0,1
17023,0,0
17024,0,0
17025,0,0
17026,0,1
17027,0,0
17028,0,0
17029,0,1
17030,0,1
17031,1,1
17032,0,0
17033,0,1
17034,0,0
17035,0,1
17036,1,0
17037,1,1
17038,0,1
17039,1,1
17040,0,1
17041,0,0
17042,0,0
17043,0,1
17044,0,0
17045,0,0
17046,0,1
17047,0,0
17048,0,1
17049,0,0
17050,0,0
17051,1,0
17052,0,0
17053,0,1
17054,1,0
17055,0,1
17056,0,1
17057,0,1
17058,0,1
17059,1,1
17060,0,0
17061,0,0
17062,0,1
17063,0,1
17064,0,1
17065,1,1
17066,1,0
17067,0,1
17068,1,0
17069,0,1
17070,1,1
17071,0,1
17072,0,0
17073,0,0
17074,1,1
17075,0,0
17076,0,1
17077,0,0
17078,1,0
17079,0,0
17080,0,1
17081,0,0
17082,0,1
17083,0,1
17084,0,1
17085,0,0
17086,0,0
17087,0,1
17088,0,1
17089,0,1
17090,0,1
17091,0,0
17092,0,0
17093,0,0
17094,1,0
17095,1,1
17096,0,0
17097,0,0
17098,0,1
17099,0,0
17100,0,0
17101,0,1
17102,0,1
17103,1,0
17104,1,1
17105,1,0
17106,1,0
17107,0,1
17108,0,1
17109,0,0
17110,0,1
17111,0,0
17112,1,1
17113,0,0
17114,0,1
17115,0,1
17116,0,0
17117,1,0
17118,0,1
17119,0,0
17120,0,1
17121,0,1
17122,1,0
17123,0,0
17124,0,0
17125,0,0
17126,0,0
17127,0,0
17128,0,1
17129,1,1
17130,0,1
17131,0,1
17132,0,0
17133,0,1
17134,0,1
17135,0,0
17136,1,1
17137,0,0
17138,0,0
17139,0,0
17140,0,0
17141,1,1
17142,0,1
17143,0,0
17144,0,0
17145,0,0
17146,0,1
17147,1,0
17148,1,1
17149,0,0
17150,0,1
17151,0,0
17152,0,1
17153,0,1
17154,0,0
17155,0,1
17156,0,0
17157,0,0
17158,0,0
17159,0,1
17160,0,1
17161,0,0
17162,0,1
17163,0,1
17164,1,0
17165,0,0
17166,0,0
17167,1,0
17168,0,1
17169,0,1
17170,0,1
17171,0,1
17172,0,1
17173,0,0
17174,1,0
17175,0,0
17176,0,0
17177,0,0
17178,0,0
17179,1,0
17180,0,1
17181,0,1
17182,1,1
17183,0,1
17184,0,0
17185,0,0
17186,0,0
17187,0,1
17188,0,0
17189,1,0
17190,1,1
17191,0,1
17192,0,1
17193,0,0
17194,0,1
17195,0,1
17196,0,1
17197,0,1
17198,1,1
17199,0,0
17200,0,1
17201,1,1
17202,0,0
17203,0,0
17204,1,1
17205,0,0
17206,0,0
17207,0,1
17208,0,0
17209,0,0
17210,0,0
17211,0,0
17212,0,0
17213,0,1
17214,0,1
17215,1,1
17216,1,0
17217,0,1
17218,1,0
17219,0,1
17220,0,1
17221,0,1
17222,0,0
17223,0,0
17224,0,1
17225,0,1
17226,0,0
17227,1,0
17228,0,0
17229,0,0
17230,0,1
17231,0,1
17232,0,0
17233,0,0
17234,0,1
17235,1,0
17236,0,0
17237,0,1
17238,0,1
17239,1,1
17240,1,0
17241,0,0
17242,0,1
17243,1,0
17244,0,0
17245,0,0
17246,0,1
17247,0,0
17248,0,1
17249,0,1
17250,0,1
17251,0,0
17252,1,0
17253,1,0
17254,0,0
17255,0,1
17256,0,0
17257,0,1
17258,0,1
17259,0,1
17260,0,1
17261,0,1
17262,0,0
17263,0,1
17264,0,1
17265,0,1
17266,0,1
17267,0,1
17268,0,0
17269,0,0
17270,0,1
17271,0,1
17272,0,1
17273,1,1
17274,0,1
17275,0,1
17276,0,0
17277,0,1
17278,0,1
17279,1,1
17280,1,1
17281,1,0
17282,0,1
17283,0,1
17284,0,0
17285,1,1
17286,0,1
17287,1,1
17288,0,0
17289,0,1
17290,1,1
17291,0,1
17292,0,0
17293,0,0
17294,0,1
17295,0,0
17296,0,0
17297,1,1
17298,0,0
17299,0,1
17300,0,1
17301,0,1
17302,0,1
17303,0,0
17304,0,0
17305,0,0
17306,0,1
17307,0,1
17308,0,1
17309,1,1
17310,0,0
17311,0,1
17312,0,0
17313,0,1
17314,1,0
17315,0,0
17316,0,0
17317,0,0
17318,0,1
17319,1,0
17320,0,1
17321,0,1
17322,0,0
17323,1,0
17324,0,1
17325,0,0
17326,0,1
17327,0,0
17328,1,1
17329,0,0
17330,0,1
17331,0,1
17332,1,0
17333,0,0
17334,0,0
17335,0,1
17336,0,0
17337,0,0
17338,0,0
17339,0,0
17340,0,1
17341,0,1
17342,0,1
17343,0,0
17344,0,1
17345,0,1
17346,0,0
17347,0,1
17348,0,0
17349,1,0
17350,0,1
17351,0,1
17352,0,0
17353,0,1
17354,0,0
17355,0,0
17356,0,0
17357,0,1
17358,0,1
17359,0,1
17360,0,0
17361,0,0
17362,0,1
17363,0,0
17364,0,0
17365,0,1
17366,0,0
17367,0,1
17368,1,0
17369,0,1
17370,0,0
17371,0,0
17372,0,0
17373,0,0
17374,0,0
17375,0,0
17376,1,0
17377,0,0
17378,0,0
17379,0,1
17380,0,0
17381,1,0
17382,0,1
17383,0,1
17384,1,0
17385,0,0
17386,0,0
17387,0,1
17388,1,0
17389,0,1
17390,0,1
17391,1,0
17392,0,0
17393,0,1
17394,0,0
17395,0,0
17396,0,1
17397,1,0
17398,1,0
17399,1,0
17400,0,1
17401,0,1
17402,0,1
17403,0,1
17404,0,0
17405,1,0
17406,0,1
17407,0,1
17408,0,1
17409,0,0
17410,0,0
17411,0,1
17412,0,0
17413,0,0
17414,1,1
17415,1,1
17416,0,0
17417,1,0
17418,0,1
17419,0,0
17420,0,1
17421,0,0
17422,0,1
17423,0,0
17424,0,1
17425,1,0
17426,0,1
17427,0,0
17428,0,0
17429,0,0
17430,0,0
17431,0,1
17432,1,1
17433,1,0
17434,0,0
17435,1,1
17436,0,0
17437,0,0
17438,1,0
17439,1,0
17440,0,1
17441,1,0
17442,0,0
17443,1,1
17444,0,0
17445,0,1
17446,0,0
17447,0,1
17448,0,0
17449,0,1
17450,0,0
17451,0,0
17452,0,0
17453,0,1
17454,1,1
17455,1,1
17456,0,1
17457,0,0
17458,1,0
17459,0,1
17460,0,0
17461,0,1
17462,1,1
17463,0,1
17464,0,1
17465,0,1
17466,0,1
17467,1,1
17468,1,1
17469,0,1
17470,0,1
17471,1,1
17472,0,0
17473,1,1
17474,1,0
17475,0,0
17476,0,1
17477,1,1
17478,0,1
17479,0,0
17480,1,0
17481,1,1
17482,0,0
17483,1,0
17484,0,0
17485,0,0
17486,0,1
17487,0,0
17488,0,1
17489,0,1
17490,1,1
17491,0,0
17492,0,1
17493,0,0
17494,0,0
17495,0,1
17496,0,0
17497,0,0
17498,0,0
17499,0,0
17500,0,1
17501,0,0
17502,0,1
17503,0,0
17504,0,1
17505,0,1
17506,0,1
17507,1,0
17508,0,1
17509,0,1
17510,1,1
17511,0,0
17512,0,1
17513,0,1
17514,0,1
17515,0,1
17516,0,0
17517,0,1
17518,0,0
17519,0,0
17520,0,0
17521,0,0
17522,0,1
17523,1,0
17524,0,1
17525,0,0
17526,0,1
17527,0,0
17528,0,0
17529,0,1
17530,0,0
17531,1,0
17532,1,1
17533,0,0
17534,0,1
17535,0,0
17536,0,0
17537,0,1
17538,0,1
17539,0,0
17540,0,0
17541,0,0
17542,0,1
17543,1,0
17544,1,1
17545,1,0
17546,0,0
17547,0,1
17548,0,0
17549,0,0
17550,0,0
17551,0,1
17552,0,1
17553,0,0
17554,0,0
17555,0,1
17556,0,1
17557,1,0
17558,0,1
17559,1,1
17560,1,0
17561,0,0
17562,0,0
17563,1,1
17564,0,0
17565,0,0
17566,0,1
17567,0,0
17568,0,1
17569,0,1
17570,0,0
17571,0,1
17572,0,0
17573,0,0
17574,0,0
17575,0,0
17576,0,0
17577,0,0
17578,1,0
17579,0,0
17580,0,1
17581,1,1
17582,0,0
17583,0,1
17584,1,1
17585,1,1
17586,0,0
17587,0,1
17588,0,0
17589,1,0
17590,0,1
17591,0,0
17592,1,0
17593,0,0
17594,0,1
17595,0,0
17596,0,0
17597,0,0
17598,0,1
17599,0,0
17600,0,0
17601,0,0
17602,0,0
17603,0,0
17604,0,0
17605,0,1
17606,1,0
17607,1,0
17608,0,0
17609,0,1
17610,0,0
17611,0,1
17612,1,0
17613,0,0
17614,0,1
17615,0,1
17616,0,0
17617,1,1
17618,0,1
17619,0,0
17620,0,0
17621,0,1
17622,0,1
17623,0,0
17624,0,1
17625,0,1
17626,0,0
17627,0,0
17628,1,0
17629,0,1
17630,0,0
17631,0,0
17632,0,0
17633,1,0
17634,1,0
17635,1,0
17636,0,0
17637,0,0
17638,0,0
17639,0,1
17640,0,1
17641,0,1
17642,1,1
17643,0,0
17644,1,0
17645,1,0
17646,0,0
17647,0,1
17648,0,0
17649,0,1
17650,0,0
17651,0,0
17652,0,0
17653,0,0
17654,0,1
17655,0,0
17656,1,1
17657,0,1
17658,0,0
17659,0,1
17660,0,0
17661,0,1
17662,0,1
17663,1,0
17664,0,1
17665,0,1
17666,0,1
17667,0,1
17668,0,1
17669,0,0
17670,0,0
17671,0,0
17672,0,1
17673,0,0
17674,0,0
17675,0,1
17676,0,1
17677,1,0
17678,0,1
17679,0,1
17680,0,1
17681,0,0
17682,0,0
17683,0,0
17684,0,0
17685,0,1
17686,0,1
17687,0,1
17688,0,1
17689,0,0
17690,0,1
17691,0,0
17692,0,0
17693,0,1
17694,0,1
17695,0,0
17696,0,1
17697,0,1
17698,0,0
17699,0,0
17700,0,0
17701,0,0
17702,0,0
17703,1,1
17704,0,0
17705,1,1
17706,1,0
17707,1,0
17708,0,1
17709,0,1
17710,0,1
17711,0,0
17712,0,0
17713,1,0
17714,0,0
17715,0,1
17716,1,0
17717,1,1
17718,0,1
17719,0,0
17720,1,0
17721,0,0
17722,1,1
17723,0,0
17724,0,1
17725,0,1
17726,0,0
17727,0,0
17728,0,0
17729,1,0
17730,1,0
17731,0,1
17732,1,0
17733,0,0
17734,1,1
17735,0,1
17736,0,1
17737,1,0
17738,0,0
17739,0,1
17740,0,1
17741,0,0
17742,1,0
17743,0,0
17744,0,1
17745,0,1
17746,0,0
17747,0,0
17748,0,1
17749,1,0
17750,0,1
17751,0,0
17752,0,0
17753,0,1
17754,1,0
17755,0,0
17756,0,0
17757,1,0
17758,0,1
17759,0,1
17760,0,0
17761,1,1
17762,0,0
17763,1,0
17764,1,0
17765,0,1
17766,1,1
17767,0,0
17768,0,0
17769,0,1
17770,0,1
17771,0,0
17772,1,1
17773,0,0
17774,0,1
17775,1,1
17776,0,1
17777,0,0
17778,0,1
17779,0,1
17780,0,1
17781,0,1
17782,0,1
17783,0,0
17784,0,0
17785,0,1
17786,0,0
17787,0,1
17788,1,1
17789,0,0
17790,0,1
17791,0,0
17792,0,1
17793,0,1
17794,0,0
17795,1,1
17796,0,1
17797,0,1
17798,0,0
17799,0,0
17800,0,0
17801,0,1
17802,0,1
17803,0,0
17804,0,0
17805,0,0
17806,0,1
17807,1,0
17808,0,0
17809,0,1
17810,1,0
17811,1,0
17812,1,1
17813,0,1
17814,0,0
17815,0,1
17816,0,1
17817,0,0
17818,1,0
17819,0,1
17820,0,1
17821,0,0
17822,0,0
17823,0,1
17824,0,1
17825,0,1
17826,0,0
17827,1,0
17828,1,0
17829,0,1
17830,0,0
17831,1,1
17832,0,0
17833,0,1
17834,0,1
17835,0,0
17836,0,1
17837,0,0
17838,1,1
17839,0,0
17840,0,1
17841,0,1
17842,0,1
17843,0,1
17844,0,0
17845,1,1
17846,0,1
17847,0,1
17848,0,1
17849,0,1
17850,0,0
17851,0,0
17852,0,0
17853,0,0
17854,0,1
17855,0,0
17856,0,0
17857,0,0
17858,0,0
17859,0,0
17860,1,1
17861,1,0
17862,0,1
17863,0,1
17864,0,0
17865,0,1
17866,0,0
17867,0,1
17868,0,1
17869,1,0
17870,0,0
17871,1,1
17872,1,0
17873,0,1
17874,0,0
17875,0,1
17876,0,0
17877,1,0
17878,0,0
17879,0,0
17880,0,1
17881,1,0
17882,1,1
17883,0,1
17884,0,1
17885,0,0
17886,0,0
17887,0,0
17888,0,0
17889,0,1
17890,0,1
17891,0,0
17892,0,1
17893,0,1
17894,1,0
17895,1,1
17896,0,0
17897,1,0
17898,0,0
17899,0,0
17900,0,1
17901,0,1
17902,0,0
17903,0,1
17904,0,1
17905,0,1
17906,0,1
17907,0,0
17908,0,0
17909,1,0
17910,0,1
17911,0,1
17912,0,0
17913,0,0
17914,0,0
17915,0,0
17916,0,1
17917,0,1
17918,0,1
17919,0,1
17920,1,0
17921,0,1
17922,0,0
17923,1,1
17924,0,1
17925,1,0
17926,0,0
17927,0,0
17928,0,0
17929,1,0
17930,0,0
17931,0,1
17932,0,0
17933,0,0
17934,0,0
17935,0,0
17936,0,1
17937,0,1
17938,0,1
17939,0,0
17940,1,0
17941,1,1
17942,0,0
17943,0,1
17944,0,1
17945,1,1
17946,0,0
17947,0,1
17948,0,0
17949,0,1
17950,0,0
17951,0,0
17952,0,1
17953,0,1
17954,0,1
17955,0,0
17956,0,0
17957,0,0
17958,1,0
17959,0,0
17960,0,0
17961,0,0
17962,0,0
17963,0,0
17964,1,0
17965,0,0
17966,1,1
17967,0,1
17968,0,0
17969,0,0
17970,0,1
17971,0,0
17972,0,1
17973,0,1
17974,1,1
17975,0,0
17976,0,0
17977,1,0
17978,0,1
17979,0,0
17980,0,0
17981,0,0
17982,0,0
17983,0,0
17984,0,1
17985,0,1
17986,0,0
17987,0,1
17988,0,1
17989,0,1
17990,0,0
17991,0,1
17992,1,1
17993,0,1
17994,0,0
17995,0,1
17996,0,0
17997,0,1
17998,0,1
17999,0,0
18000,0,1
18001,0,0
18002,0,0
18003,0,1
18004,1,1
18005,0,0
18006,1,1
18007,0,1
18008,0,1
18009,0,1
18010,0,0
18011,1,0
18012,0,1
18013,0,0
18014,1,0
18015,0,1
18016,0,1
18017,0,1
18018,0,1
18019,0,1
18020,0,0
18021,0,1
18022,0,1
18023,0,0
18024,0,0
18025,0,0
18026,0,1
18027,0,1
18028,1,1
18029,0,0
18030,1,0
18031,0,0
18032,0,1
18033,0,1
18034,1,0
18035,0,1
18036,0,1
18037,1,0
18038,0,0
18039,0,1
18040,0,1
18041,0,1
18042,0,1
18043,1,1
18044,0,1
18045,1,0
18046,0,1
18047,0,0
18048,0,1
18049,0,0
18050,0,1
18051,0,1
18052,1,0
18053,0,1
18054,0,1
18055,0,1
18056,0,1
18057,0,1
18058,1,0
18059,0,1
18060,0,0
18061,0,0
18062,0,1
18063,0,1
18064,1,1
18065,0,1
18066,0,0
18067,0,1
18068,0,1
18069,0,1
18070,0,0
18071,1,0
18072,0,0
18073,0,1
18074,0,1
18075,0,1
18076,0,1
18077,0,1
18078,0,0
18079,0,0
18080,1,1
18081,1,0
18082,0,1
18083,1,0
18084,0,1
18085,0,0
18086,0,0
18087,0,1
18088,1,0
18089,0,0
18090,0,0
18091,0,0
18092,1,0
18093,0,0
18094,0,0
18095,0,0
18096,0,0
18097,0,1
18098,1,1
18099,0,1
18100,0,1
18101,0,1
18102,0,0
18103,0,0
18104,0,1
18105,0,0
18106,0,0
18107,0,1
18108,0,0
18109,1,1
18110,0,1
18111,0,1
18112,1,0
18113,0,1
18114,0,0
18115,0,1
18116,0,1
18117,0,1
18118,0,1
18119,0,1
18120,0,0
18121,0,0
18122,0,0
18123,0,0
18124,0,1
18125,0,0
18126,1,0
18127,0,1
18128,0,1
18129,0,0
18130,0,1
18131,0,1
18132,0,1
18133,0,1
18134,0,0
18135,0,1
18136,1,0
18137,0,1
18138,0,0
18139,0,0
18140,0,0
18141,0,1
18142,0,1
18143,1,0
18144,0,0
18145,0,0
18146,1,0
18147,0,0
18148,0,1
18149,0,1
18150,0,1
18151,0,1
18152,1,0
18153,1,1
18154,1,0
18155,0,1
18156,0,0
18157,0,1
18158,0,1
18159,1,1
18160,0,1
18161,1,1
18162,0,1
18163,0,1
18164,0,0
18165,1,0
18166,0,0
18167,0,0
18168,0,1
18169,0,0
18170,0,1
18171,0,0
18172,0,1
18173,0,1
18174,0,1
18175,0,1
18176,0,1
18177,1,1
18178,0,1
18179,0,0
18180,0,1
18181,0,0
18182,1,0
18183,0,1
18184,0,1
18185,0,0
18186,1,0
18187,0,0
18188,1,0
18189,0,0
18190,0,1
18191,0,0
18192,0,0
18193,0,0
18194,1,1
18195,1,0
18196,0,1
18197,0,1
18198,0,1
18199,0,1
18200,0,0
18201,1,0
18202,0,0
18203,1,1
18204,0,1
18205,0,1
18206,1,1
18207,0,1
18208,0,1
18209,1,1
18210,0,1
18211,1,0
18212,0,0
18213,0,1
18214,0,1
18215,0,0
18216,0,0
18217,0,1
18218,0,0
18219,0,0
18220,0,1
18221,0,1
18222,1,0
18223,1,1
18224,1,1
18225,0,0
18226,0,1
18227,0,1
18228,0,0
18229,0,0
18230,0,0
18231,0,1
18232,0,0
18233,0,0
18234,0,1
18235,0,1
18236,0,1
18237,0,1
18238,0,0
18239,1,1
18240,1,0
18241,0,1
18242,1,1
18243,0,0
18244,0,1
18245,0,1
18246,0,0
18247,0,1
18248,0,1
18249,0,0
18250,0,1
18251,0,1
18252,0,0
18253,0,1
18254,0,0
18255,0,0
18256,0,1
18257,0,1
18258,0,0
18259,0,1
18260,0,1
18261,0,0
18262,0,1
18263,0,1
18264,0,1
18265,0,0
18266,1,1
18267,0,0
18268,0,0
18269,1,1
18270,0,0
18271,1,0
18272,0,1
18273,0,1
18274,0,0
18275,0,0
18276,0,1
18277,0,1
18278,0,0
18279,0,0
18280,0,0
18281,0,0
18282,0,1
18283,0,0
18284,0,1
18285,0,1
18286,1,1
18287,0,1
18288,0,0
18289,0,1
18290,0,0
18291,0,0
18292,0,0
18293,0,0
18294,0,0
18295,0,1
18296,0,1
18297,0,0
18298,0,0
18299,0,0
18300,0,0
18301,0,0
18302,0,0
18303,0,0
18304,0,1
18305,0,1
18306,1,0
18307,0,1
18308,0,1
18309,1,1
18310,0,1
18311,1,1
18312,0,1
18313,0,1
18314,0,0
18315,0,0
18316,1,1
18317,0,1
18318,0,0
18319,0,1
18320,0,0
18321,1,1
18322,0,1
18323,0,0
18324,1,0
18325,1,1
18326,0,1
18327,0,1
18328,1,0
18329,1,0
18330,1,0
18331,1,0
18332,0,0
18333,0,1
18334,0,0
18335,0,1
18336,0,1
18337,0,0
18338,1,1
18339,1,0
18340,1,0
18341,0,1
18342,0,0
18343,0,0
18344,0,0
18345,1,1
18346,1,1
18347,0,1
18348,0,0
18349,0,0
18350,1,0
18351,0,1
18352,0,1
18353,0,0
18354,0,0
18355,0,1
18356,0,0
18357,0,1
18358,0,0
18359,1,1
18360,0,0
18361,0,0
18362,0,0
18363,1,1
18364,0,0
18365,0,0
18366,0,0
18367,0,1
18368,0,1
18369,0,0
18370,0,0
18371,0,1
18372,0,0
18373,0,0
18374,0,0
18375,0,1
18376,0,1
18377,1,0
18378,0,1
18379,0,0
18380,0,1
18381,0,0
18382,1,1
18383,0,0
18384,0,0
18385,0,0
18386,0,1
18387,0,0
18388,0,1
18389,0,1
18390,0,1
18391,1,0
18392,0,0
18393,0,1
18394,1,1
18395,0,1
18396,0,1
18397,0,1
18398,0,0
18399,0,1
18400,1,0
18401,0,1
18402,0,1
18403,0,1
18404,0,1
18405,0,1
18406,0,1
18407,0,1
18408,0,0
18409,0,1
18410,1,0
18411,0,1
18412,0,1
18413,0,1
18414,0,1
18415,1,0
18416,0,0
18417,0,0
18418,0,0
18419,0,0
18420,0,1
18421,0,0
18422,0,0
18423,0,1
18424,0,0
18425,0,1
18426,0,1
18427,0,0
18428,0,1
18429,1,1
18430,0,0
18431,0,0
18432,1,1
18433,0,0
18434,0,1
18435,0,1
18436,0,1
18437,1,0
18438,0,1
18439,0,0
18440,1,1
18441,0,0
18442,0,0
18443,0,0
18444,0,0
18445,0,1
18446,0,0
18447,0,1
18448,0,1
18449,0,1
18450,0,0
18451,1,1
18452,0,1
18453,0,0
18454,0,0
18455,0,1
18456,0,0
18457,0,0
18458,0,1
18459,1,1
18460,0,1
18461,0,1
18462,0,1
18463,0,0
18464,0,0
18465,0,1
18466,1,0
18467,0,0
18468,0,1
18469,0,0
18470,0,0
18471,0,0
18472,0,0
18473,1,1
18474,0,0
18475,0,1
18476,0,1
18477,0,1
18478,1,1
18479,0,0
18480,0,1
18481,0,1
18482,0,0
18483,0,1
18484,1,1
18485,0,1
18486,0,0
18487,0,0
18488,1,0
18489,1,0
18490,0,1
18491,0,0
18492,1,1
18493,0,1
18494,0,0
18495,0,1
18496,0,1
18497,1,1
18498,0,0
18499,0,1
18500,0,0
18501,1,0
18502,1,0
18503,0,0
18504,0,0
18505,0,1
18506,0,1
18507,0,1
18508,0,1
18509,1,0
18510,1,0
18511,0,0
18512,0,1
18513,1,0
18514,0,0
18515,0,1
18516,0,1
18517,0,0
18518,0,0
18519,0,1
18520,0,0
18521,1,1
18522,1,1
18523,0,1
18524,0,0
18525,0,0
18526,0,1
18527,0,1
18528,1,0
18529,0,1
18530,1,1
18531,0,0
18532,0,1
18533,0,0
18534,0,1
18535,1,0
18536,1,1
18537,0,0
18538,0,1
18539,0,1
18540,0,1
18541,0,0
18542,0,1
18543,0,1
18544,0,0
18545,0,1
18546,1,0
18547,0,0
18548,0,1
18549,0,1
18550,0,0
18551,0,1
18552,1,0
18553,0,0
18554,0,1
18555,1,0
18556,0,0
18557,0,1
18558,1,0
18559,0,1
18560,0,1
18561,0,0
18562,0,1
18563,0,1
18564,0,1
18565,0,0
18566,0,1
18567,0,0
18568,0,1
18569,0,1
18570,1,0
18571,0,1
18572,0,1
18573,0,0
18574,0,0
18575,0,1
18576,0,1
18577,0,1
18578,1,0
18579,0,0
18580,1,0
18581,0,0
18582,0,1
18583,0,1
18584,0,1
18585,0,0
18586,1,0
18587,0,1
18588,0,1
18589,0,1
18590,0,0
18591,0,1
18592,0,0
18593,0,0
18594,0,0
18595,0,0
18596,0,1
18597,0,1
18598,0,1
18599,0,1
18600,0,1
18601,0,0
18602,0,1
18603,1,1
18604,0,1
18605,0,1
18606,0,1
18607,0,0
18608,0,0
18609,0,1
18610,1,0
18611,0,1
18612,0,0
18613,0,1
18614,0,1
18615,0,0
18616,0,1
18617,0,1
18618,0,1
18619,0,0
18620,0,1
18621,0,0
18622,1,0
18623,0,1
18624,0,1
18625,0,1
18626,1,0
18627,0,1
18628,0,0
18629,0,0
18630,0,1
18631,0,1
18632,0,1
18633,1,0
18634,0,0
18635,0,1
18636,0,1
18637,0,0
18638,1,1
18639,0,0
18640,0,0
18641,0,1
18642,0,0
18643,0,0
18644,0,1
18645,0,0
18646,0,0
18647,1,0
18648,0,0
18649,0,1
18650,0,0
18651,0,1
18652,0,0
18653,0,1
18654,0,1
18655,0,0
18656,0,1
18657,0,1
18658,0,0
18659,0,0
18660,0,1
18661,0,1
18662,0,0
18663,0,0
18664,0,1
18665,0,0
18666,0,1
18667,0,0
18668,0,0
18669,0,0
18670,0,0
18671,1,0
18672,0,0
18673,1,0
18674,0,0
18675,1,0
18676,1,0
18677,0,1
18678,0,1
18679,1,1
18680,0,1
18681,0,1
18682,0,1
18683,0,1
18684,0,0
18685,1,1
18686,0,1
18687,1,0
18688,0,0
18689,0,1
18690,1,0
18691,0,0
18692,1,0
18693,0,0
18694,0,1
18695,0,0
18696,0,0
18697,0,1
18698,0,1
18699,1,1
18700,1,0
18701,0,0
18702,0,0
18703,0,0
18704,1,0
18705,0,0
18706,0,0
18707,0,0
18708,0,0
18709,0,0
18710,0,0
18711,0,0
18712,0,1
18713,0,1
18714,0,0
18715,0,0
18716,0,0
18717,0,1
18718,0,1
18719,0,1
18720,0,1
18721,0,1
18722,0,0
18723,0,0
18724,0,0
18725,0,1
18726,0,0
18727,0,1
18728,0,0
18729,0,0
18730,0,0
18731,0,1
18732,0,1
18733,0,0
18734,1,0
18735,0,1
18736,0,0
18737,0,1
18738,0,0
18739,0,1
18740,1,0
18741,0,1
18742,0,0
18743,0,0
18744,0,1
18745,0,1
18746,0,1
18747,0,0
18748,1,1
18749,0,0
18750,0,1
18751,1,1
18752,1,1
18753,0,0
18754,0,0
18755,0,1
18756,0,1
18757,0,0
18758,0,0
18759,0,0
18760,1,0
18761,0,1
18762,1,1
18763,1,0
18764,0,1
18765,1,0
18766,0,0
18767,0,0
18768,1,0
18769,0,0
18770,0,1
18771,1,0
18772,0,1
18773,0,1
18774,0,0
18775,0,1
18776,0,1
18777,0,1
18778,1,0
18779,0,1
18780,0,1
18781,0,1
18782,0,0
18783,0,0
18784,0,0
18785,1,0
18786,0,1
18787,1,0
18788,0,1
18789,0,1
18790,0,1
18791,0,1
18792,1,0
18793,0,1
18794,0,0
18795,0,1
18796,0,1
18797,0,0
18798,0,1
18799,0,0
18800,0,0
18801,0,0
18802,1,0
18803,1,0
18804,0,1
18805,1,0
18806,0,0
18807,0,1
18808,1,1
18809,0,0
18810,0,0
18811,0,1
18812,0,0
18813,0,0
18814,0,0
18815,0,1
18816,1,1
18817,0,1
18818,0,1
18819,0,1
18820,0,1
18821,0,1
18822,1,0
18823,1,1
18824,0,0
18825,0,0
18826,0,1
18827,1,1
18828,0,1
18829,0,1
18830,0,1
18831,0,1
18832,0,0
18833,0,1
18834,1,0
18835,0,0
18836,0,0
18837,0,0
18838,0,1
18839,1,0
18840,0,0
18841,0,0
18842,0,1
18843,0,1
18844,1,0
18845,0,1
18846,0,1
18847,0,0
18848,0,1
18849,1,1
18850,0,1
18851,0,1
18852,1,0
18853,0,1
18854,0,1
18855,0,1
18856,0,1
18857,0,0
18858,0,0
18859,0,1
18860,0,0
18861,1,0
18862,1,1
18863,0,0
18864,0,0
18865,0,0
18866,1,0
18867,1,1
18868,0,0
18869,1,0
18870,1,1
18871,0,0
18872,1,0
18873,0,1
18874,0,1
18875,0,0
18876,0,1
18877,0,1
18878,0,0
18879,0,0
18880,0,0
18881,0,0
18882,0,1
18883,1,1
18884,0,0
18885,0,0
18886,1,1
18887,0,1
18888,0,1
18889,1,0
18890,1,0
18891,0,0
18892,1,0
18893,1,0
18894,0,0
18895,1,1
18896,0,1
18897,0,0
18898,0,1
18899,1,1
18900,0,0
18901,0,1
18902,0,0
18903,1,1
18904,0,0
18905,0,1
18906,0,0
18907,0,0
18908,1,1
18909,0,0
18910,0,0
18911,1,0
18912,0,0
18913,0,1
18914,1,0
18915,0,1
18916,0,1
18917,0,0
18918,0,1
18919,0,0
18920,0,0
18921,0,1
18922,0,0
18923,0,0
18924,0,1
18925,0,1
18926,0,1
18927,0,1
18928,1,1
18929,1,0
18930,0,0
18931,0,1
18932,0,1
18933,1,0
18934,0,0
18935,0,1
18936,0,0
18937,0,0
18938,0,1
18939,0,1
18940,1,0
18941,0,0
18942,1,0
18943,1,0
18944,0,0
18945,1,1
18946,0,1
18947,0,0
18948,0,1
18949,0,0
18950,1,1
18951,0,0
18952,0,0
18953,0,1
18954,0,0
18955,0,0
18956,1,1
18957,0,1
18958,1,0
18959,0,0
18960,0,0
18961,1,0
18962,0,0
18963,0,1
18964,0,1
18965,0,0
18966,0,0
18967,0,1
18968,0,0
18969,0,1
18970,1,0
18971,0,1
18972,1,1
18973,1,1
18974,0,1
18975,0,0
18976,0,0
18977,0,0
18978,0,0
18979,0,0
18980,0,1
18981,1,0
18982,0,1
18983,0,1
18984,0,1
18985,0,0
18986,0,0
18987,0,0
18988,0,1
18989,0,1
18990,0,1
18991,0,0
18992,0,0
18993,1,1
18994,1,0
18995,0,1
18996,0,1
18997,0,1
18998,0,0
18999,0,0
19000,0,1
19001,1,0
19002,0,1
19003,1,0
19004,0,0
19005,0,1
19006,0,1
19007,1,0
19008,0,0
19009,0,1
19010,0,1
19011,0,1
19012,0,0
19013,0,1
19014,1,0
19015,0,1
19016,0,0
19017,0,1
19018,0,1
19019,0,1
19020,1,0
19021,0,1
19022,0,0
19023,0,1
19024,0,1
19025,0,0
19026,0,0
19027,0,1
19028,1,1
19029,1,0
19030,0,0
19031,0,1
19032,1,1
19033,0,1
19034,0,1
19035,1,1
19036,1,0
19037,1,1
19038,0,0
19039,1,0
19040,0,1
19041,0,1
19042,0,0
19043,0,1
19044,0,1
19045,0,0
19046,1,1
19047,0,0
19048,0,1
19049,0,1
19050,0,1
19051,1,1
19052,1,0
19053,0,0
19054,0,0
19055,0,0
19056,1,1
19057,0,1
19058,0,1
19059,0,0
19060,0,1
19061,0,1
19062,0,1
19063,1,1
19064,0,1
19065,0,0
19066,0,1
19067,1,1
19068,1,1
19069,0,0
19070,0,1
19071,0,0
19072,0,0
19073,0,0
19074,1,0
19075,0,0
19076,1,1
19077,0,0
19078,0,1
19079,0,0
19080,0,1
19081,0,1
19082,0,0
19083,1,0
19084,0,0
19085,0,1
19086,0,0
19087,0,0
19088,0,1
19089,0,1
19090,0,0
19091,1,0
19092,0,0
19093,0,0
19094,0,0
19095,0,0
19096,1,1
19097,0,0
19098,0,1
19099,0,0
19100,1,1
19101,0,1
19102,1,1
19103,1,1
19104,0,0
19105,0,1
19106,0,0
19107,0,0
19108,0,1
19109,1,0
19110,0,1
19111,0,0
19112,0,1
19113,0,1
19114,1,1
19115,1,0
19116,0,0
19117,0,1
19118,0,1
19119,1,0
19120,0,1
19121,0,1
19122,0,1
19123,0,1
19124,0,0
19125,1,0
19126,0,1
19127,0,0
19128,0,0
19129,0,1
19130,0,0
19131,0,0
19132,0,0
19133,0,1
19134,0,0
19135,0,0
19136,0,1
19137,0,1
19138,1,0
19139,0,0
19140,0,0
19141,0,1
19142,0,1
19143,0,0
19144,1,1
19145,0,1
19146,0,0
19147,0,1
19148,1,1
19149,1,1
19150,0,0
19151,0,1
19152,1,0
19153,0,1
19154,0,1
19155,1,1
19156,0,0
19157,0,0
19158,0,0
19159,0,1
19160,1,1
19161,0,0
19162,0,0
19163,0,0
19164,1,0
19165,0,1
19166,0,0
19167,0,1
19168,0,0
19169,1,0
19170,0,0
19171,0,1
19172,0,1
19173,0,0
19174,0,1
19175,0,0
19176,0,0
19177,0,1
19178,1,0
19179,0,1
19180,0,1
19181,0,1
19182,0,0
19183,0,1
19184,1,1
19185,1,1
19186,0,1
19187,0,0
19188,0,0
19189,0,1
19190,1,0
19191,0,1
19192,0,1
19193,0,0
19194,0,1
19195,1,0
19196,1,0
19197,0,1
19198,0,0
19199,0,0
19200,0,1
19201,0,1
19202,0,0
19203,1,1
19204,0,1
19205,0,1
19206,0,1
19207,0,0
19208,0,1
19209,0,0
19210,1,0
19211,0,0
19212,1,0
19213,1,1
19214,1,1
19215,1,1
19216,0,0
19217,0,0
19218,0,0
19219,0,1
19220,0,1
19221,1,1
19222,0,0
19223,0,1
19224,1,0
19225,0,1
19226,1,0
19227,0,0
19228,1,1
19229,0,1
19230,0,0
19231,0,1
19232,1,0
19233,1,0
19234,1,0
19235,0,0
19236,0,1
19237,0,1
19238,0,1
19239,0,1
19240,0,1
19241,0,1
19242,0,1
19243,1,1
19244,0,0
19245,0,1
19246,0,0
19247,0,1
19248,0,0
19249,1,0
19250,0,1
19251,0,1
19252,0,1
19253,0,0
19254,0,1
19255,0,1
19256,0,0
19257,0,1
19258,1,1
19259,0,0
19260,1,0
19261,0,1
19262,0,1
19263,1,1
19264,0,0
19265,0,0
19266,0,1
19267,1,1
19268,0,0
19269,0,1
19270,0,0
19271,0,0
19272,0,0
19273,0,0
19274,1,0
19275,0,0
19276,0,1
19277,0,0
19278,1,1
19279,0,0
19280,0,0
19281,0,1
19282,1,1
19283,0,0
19284,1,0
19285,0,1
19286,0,0
19287,1,1
19288,0,1
19289,0,1
19290,0,1
19291,0,1
19292,1,1
19293,0,1
19294,0,0
19295,1,1
19296,0,0
19297,0,0
19298,0,1
19299,0,0
19300,0,1
19301,0,1
19302,0,0
19303,0,0
19304,0,0
19305,0,0
19306,1,1
19307,0,1
19308,1,0
19309,0,1
19310,0,1
19311,0,0
19312,0,0
19313,0,1
19314,0,0
19315,1,0
19316,0,1
19317,0,0
19318,0,0
19319,0,0
19320,0,1
19321,0,0
19322,0,0
19323,1,1
19324,0,0
19325,0,1
19326,0,0
19327,0,0
19328,0,1
19329,0,1
19330,0,1
19331,1,0
19332,0,1
19333,0,1
19334,0,1
19335,0,1
19336,0,0
19337,0,1
19338,1,1
19339,1,0
19340,0,0
19341,0,0
19342,0,0
19343,0,1
19344,0,1
19345,0,1
19346,1,0
19347,0,0
19348,1,1
19349,0,0
19350,0,0
19351,0,0
19352,0,1
19353,0,1
19354,0,0
19355,0,1
19356,0,1
19357,0,0
19358,1,1
19359,0,0
19360,0,1
19361,0,0
19362,0,0
19363,0,0
19364,0,1
19365,1,0
19366,0,0
19367,0,1
19368,0,1
19369,1,1
19370,1,1
19371,0,0
19372,0,0
19373,0,1
19374,0,1
19375,0,0
19376,1,0
19377,1,0
19378,0,1
19379,0,0
19380,0,1
19381,0,0
19382,0,1
19383,0,1
19384,1,1
19385,0,0
19386,0,0
19387,0,1
19388,0,1
19389,0,0
19390,1,1
19391,0,1
19392,0,1
19393,0,0
19394,1,0
19395,0,0
19396,1,0
19397,0,1
19398,0,0
19399,1,0
19400,0,0
19401,1,1
19402,0,0
19403,0,1
19404,1,1
19405,0,0
19406,0,0
19407,0,0
19408,1,1
19409,0,1
19410,1,1
19411,0,0
19412,0,0
19413,0,0
19414,0,0
19415,0,1
19416,1,0
19417,0,0
19418,1,1
19419,0,1
19420,0,0
19421,0,1
19422,1,1
19423,0,1
19424,0,0
19425,0,1
19426,0,1
19427,0,0
19428,0,1
19429,1,1
19430,0,0
19431,0,1
19432,0,1
19433,0,0
19434,0,0
19435,0,0
19436,1,1
19437,0,0
19438,0,1
19439,0,0
19440,0,0
19441,0,0
19442,0,1
19443,0,0
19444,0,0
19445,0,1
19446,1,1
19447,0,1
19448,0,0
19449,0,1
19450,0,1
19451,0,0
19452,1,1
19453,0,0
19454,0,0
19455,0,0
19456,0,1
19457,0,1
19458,0,1
19459,0,1
19460,0,1
19461,0,1
19462,0,1
19463,1,0
19464,0,1
19465,0,1
19466,0,0
19467,0,0
19468,0,1
19469,0,1
19470,0,0
19471,1,1
19472,0,0
19473,0,0
19474,0,0
19475,0,1
19476,0,0
19477,0,1
19478,0,0
19479,0,1
19480,0,0
19481,0,0
19482,1,0
19483,0,1
19484,0,1
19485,0,1
19486,0,0
19487,0,0
19488,0,1
19489,0,0
19490,0,0
19491,0,1
19492,1,0
19493,0,1
19494,0,1
19495,0,1
19496,1,0
19497,0,1
19498,0,1
19499,0,0
19500,1,0
19501,0,1
19502,0,1
19503,0,0
19504,0,1
19505,0,1
19506,0,1
19507,0,0
19508,1,1
19509,0,0
19510,0,1
19511,0,1
19512,0,0
19513,0,1
19514,1,1
19515,0,1
19516,0,0
19517,0,1
19518,0,1
19519,0,0
19520,0,1
19521,0,0
19522,0,1
19523,1,1
19524,0,1
19525,0,0
19526,0,0
19527,0,1
19528,0,1
19529,0,1
19530,1,0
19531,0,1
19532,1,0
19533,0,0
19534,1,1
19535,0,1
19536,0,0
19537,0,1
19538,0,0
19539,0,0
19540,0,1
19541,0,0
19542,0,1
19543,0,0
19544,1,1
19545,0,1
19546,0,1
19547,1,0
19548,0,1
19549,0,0
19550,1,1
19551,0,1
19552,0,0
19553,0,0
19554,0,1
19555,1,1
19556,0,0
19557,0,1
19558,1,0
19559,0,1
19560,1,1
19561,1,1
19562,0,0
19563,1,0
19564,0,0
19565,0,0
19566,0,0
19567,1,0
19568,1,1
19569,0,1
19570,0,1
19571,1,0
19572,1,0
19573,0,0
19574,0,1
19575,0,0
19576,1,0
19577,1,0
19578,0,0
19579,0,1
19580,0,0
19581,0,0
19582,0,1
19583,0,1
19584,0,1
19585,0,1
19586,0,0
19587,0,1
19588,1,1
19589,1,0
19590,1,1
19591,0,1
19592,0,0
19593,0,0
19594,0,0
19595,1,0
19596,1,1
19597,0,0
19598,0,0
19599,0,1
19600,0,1
19601,0,1
19602,0,0
19603,1,1
19604,1,1
19605,0,0
19606,1,0
19607,0,0
19608,0,0
19609,0,0
19610,0,0
19611,0,0
19612,0,0
19613,0,0
19614,0,1
19615,0,1
19616,0,1
19617,0,1
19618,0,1
19619,0,0
19620,0,0
19621,0,1
19622,0,0
19623,0,0
19624,0,0
19625,0,0
19626,1,0
19627,0,0
19628,0,1
19629,0,0
19630,0,0
19631,0,1
19632,0,0
19633,0,0
19634,1,0
19635,0,1
19636,0,1
19637,1,0
19638,0,1
19639,0,1
19640,0,0
19641,0,0
19642,0,1
19643,0,1
19644,0,0
19645,0,1
19646,1,0
19647,1,0
19648,0,0
19649,0,0
19650,0,0
19651,1,0
19652,0,1
19653,0,0
19654,0,1
19655,0,1
19656,0,1
19657,1,0
19658,0,1
19659,0,0
19660,1,1
19661,0,0
19662,0,1
19663,0,1
19664,0,1
19665,0,0
19666,0,1
19667,0,1
19668,0,0
19669,0,1
19670,0,1
19671,0,0
19672,0,0
19673,1,1
19674,0,0
19675,0,0
19676,0,1
19677,0,1
19678,0,1
19679,1,1
19680,0,0
19681,0,0
19682,1,0
19683,0,0
19684,0,0
19685,0,1
19686,0,0
19687,0,0
19688,0,0
19689,0,0
19690,0,0
19691,0,1
19692,0,0
19693,0,1
19694,0,1
19695,0,1
19696,1,0
19697,0,1
19698,0,1
19699,0,1
19700,1,0
19701,1,1
19702,1,1
19703,0,1
19704,1,1
19705,0,1
19706,0,1
19707,0,0
19708,0,1
19709,1,1
19710,0,1
19711,0,1
19712,0,1
19713,0,1
19714,0,1
19715,0,1
19716,0,1
19717,0,0
19718,0,1
19719,0,1
19720,0,1
19721,0,1
19722,1,0
19723,0,1
19724,0,0
19725,0,1
19726,0,1
19727,0,0
19728,1,0
19729,0,0
19730,0,0
19731,1,0
19732,0,1
19733,0,1
19734,0,1
19735,1,0
19736,0,0
19737,0,0
19738,0,1
19739,0,1
19740,0,1
19741,0,1
19742,1,0
19743,1,0
19744,0,1
19745,1,0
19746,0,0
19747,0,0
19748,0,1
19749,0,1
19750,0,0
19751,0,1
19752,0,1
19753,0,0
19754,1,1
19755,0,1
19756,0,1
19757,0,0
19758,1,0
19759,0,1
19760,0,1
19761,0,0
19762,0,1
19763,0,1
19764,0,0
19765,0,0
19766,0,0
19767,0,0
19768,1,1
19769,0,0
19770,0,1
19771,0,1
19772,0,0
19773,0,1
19774,0,0
19775,0,0
19776,1,0
19777,1,0
19778,0,1
19779,1,0
19780,0,1
19781,0,1
19782,0,0
19783,0,1
19784,1,0
19785,0,0
19786,0,1
19787,0,1
19788,0,1
19789,1,1
19790,0,1
19791,0,1
19792,0,1
19793,0,0
19794,1,0
19795,0,1
19796,0,0
19797,0,1
19798,0,1
19799,0,0
19800,0,1
19801,0,0
19802,1,0
19803,0,0
19804,0,0
19805,0,0
19806,1,0
19807,1,0
19808,0,1
19809,1,1
19810,0,0
19811,0,1
19812,0,0
19813,0,1
19814,1,0
19815,1,1
19816,1,0
19817,0,1
19818,0,0
19819,1,0
19820,0,0
19821,0,0
19822,1,1
19823,0,1
19824,1,0
19825,0,1
19826,0,0
19827,0,1
19828,0,1
19829,1,0
19830,0,0
19831,0,1
19832,0,1
19833,1,0
19834,0,0
19835,1,1
19836,0,0
19837,0,1
19838,0,0
19839,0,1
19840,0,1
19841,0,0
19842,0,1
19843,0,1
19844,0,0
19845,1,0
19846,0,1
19847,0,0
19848,1,0
19849,0,1
19850,1,1
19851,0,0
19852,0,1
19853,0,0
19854,1,0
19855,0,0
19856,0,0
19857,0,1
19858,0,0
19859,0,0
19860,1,1
19861,0,1
19862,1,1
19863,0,0
19864,0,1
19865,0,0
19866,0,0
19867,1,1
19868,0,0
19869,1,1
19870,0,1
19871,0,0
19872,0,1
19873,0,1
19874,0,1
19875,0,0
19876,0,0
19877,0,0
19878,0,1
19879,1,0
19880,0,0
19881,1,0
19882,0,0
19883,1,1
19884,1,0
19885,0,1
19886,0,0
19887,0,0
19888,0,0
19889,0,0
19890,0,1
19891,0,1
19892,0,1
19893,1,0
19894,1,0
19895,0,0
19896,0,0
19897,0,1
19898,0,1
19899,1,0
19900,0,1
19901,1,1
19902,0,0
19903,0,1
19904,0,1
19905,0,0
19906,0,0
19907,0,1
19908,0,0
19909,0,1
19910,0,1
19911,0,1
19912,0,0
19913,1,1
19914,1,1
19915,1,0
19916,0,1
19917,0,1
19918,0,1
19919,1,0
19920,0,0
19921,1,0
19922,1,0
19923,0,1
19924,0,0
19925,0,0
19926,1,0
19927,0,1
19928,1,0
19929,1,1
19930,0,1
19931,0,1
19932,0,1
19933,0,1
19934,0,1
19935,0,0
19936,0,0
19937,0,0
19938,0,1
19939,0,1
19940,0,1
19941,1,0
19942,0,1
19943,0,0
19944,0,1
19945,0,1
19946,0,0
19947,0,0
19948,0,0
19949,0,1
19950,0,1
19951,0,1
19952,0,1
19953,1,1
19954,1,1
19955,0,1
19956,0,0
19957,0,0
19958,0,1
19959,0,1
19960,0,0
19961,1,1
19962,1,0
19963,1,1
19964,0,0
19965,1,0
19966,0,0
19967,0,0
19968,0,0
19969,0,1
19970,0,1
19971,0,1
19972,0,1
19973,0,0
19974,1,1
19975,0,0
19976,0,1
19977,0,0
19978,0,1
19979,1,0
19980,0,0
19981,0,1
19982,1,1
19983,1,1
19984,0,1
19985,0,1
19986,1,0
19987,0,0
19988,0,0
19989,0,1
19990,0,1
19991,1,0
19992,0,0
19993,0,0
19994,0,0
19995,1,0
19996,0,1
19997,0,1
19998,0,1
19999,0,1
20000,0,0
20001,0,0
20002,0,1
20003,0,0
20004,0,0
20005,0,0
20006,0,0
20007,0,1
20008,0,1
20009,0,1
20010,0,0
20011,0,1
20012,0,0
20013,1,0
20014,0,1
20015,0,1
20016,0,0
20017,1,0
20018,0,1
20019,0,1
20020,0,1
20021,0,1
20022,0,0
20023,0,0
20024,1,1
20025,0,0
20026,1,1
20027,1,0
20028,0,0
20029,0,0
20030,0,1
20031,1,1
20032,0,1
20033,0,0
20034,0,1
20035,0,1
20036,1,1
20037,0,0
20038,0,1
20039,0,1
20040,0,1
20041,0,0
20042,0,0
20043,1,0
20044,0,1
20045,0,1
20046,0,0
20047,0,1
20048,0,1
20049,0,1
20050,0,1
20051,0,1
20052,0,1
20053,0,1
20054,0,1
20055,0,1
20056,0,1
20057,0,0
20058,0,0
20059,0,0
20060,0,0
20061,0,1
20062,0,1
20063,0,0
20064,0,1
20065,0,1
20066,0,0
20067,0,0
20068,0,0
20069,0,0
20070,0,1
20071,0,0
20072,1,1
20073,0,1
20074,0,0
20075,0,1
20076,0,1
20077,0,1
20078,0,0
20079,0,1
20080,0,0
20081,0,0
20082,0,0
20083,1,1
20084,0,0
20085,0,0
20086,0,0
20087,1,0
20088,1,1
20089,0,1
20090,0,0
20091,0,0
20092,0,1
20093,1,0
20094,0,0
20095,0,0
20096,1,1
20097,0,0
20098,0,1
20099,1,0
20100,0,1
20101,0,1
20102,0,1
20103,1,0
20104,1,1
20105,0,1
20106,0,1
20107,0,0
20108,1,1
20109,1,1
20110,1,1
20111,0,1
20112,0,0
20113,0,1
20114,0,1
20115,0,0
20116,1,0
20117,0,0
20118,0,0
20119,0,0
20120,0,0
20121,0,1
20122,0,0
20123,0,1
20124,0,0
20125,0,0
20126,0,1
20127,0,1
20128,0,0
20129,0,1
20130,0,1
20131,1,0
20132,0,0
20133,0,0
20134,1,0
20135,1,1
20136,0,1
20137,0,0
20138,0,1
20139,1,1
20140,0,1
20141,0,1
20142,0,0
20143,0,1
20144,1,0
20145,1,1
20146,0,1
20147,0,0
20148,0,1
20149,0,0
20150,0,1
20151,0,0
20152,0,1
20153,0,0
20154,1,1
20155,0,1
20156,0,1
20157,0,0
20158,0,1
20159,1,1
20160,1,0
20161,0,0
20162,0,1
20163,0,1
20164,0,0
20165,0,1
20166,0,1
20167,0,0
20168,0,1
20169,0,0
20170,0,1
20171,0,1
20172,0,1
20173,0,1
20174,1,1
20175,1,0
20176,1,0
20177,0,1
20178,0,0
20179,0,1
20180,0,1
20181,0,0
20182,1,0
20183,0,1
20184,0,1
20185,0,1
20186,0,0
20187,1,1
20188,0,0
20189,1,0
20190,0,1
20191,0,1
20192,0,1
20193,0,1
20194,0,1
20195,0,0
20196,0,0
20197,1,1
20198,0,0
20199,0,1
20200,0,1
20201,0,1
20202,0,0
20203,0,0
20204,0,0
20205,0,0
20206,1,1
20207,0,0
20208,1,0
20209,0,1
20210,0,0
20211,1,0
20212,0,0
20213,0,0
20214,0,1
20215,0,1
20216,1,0
20217,0,1
20218,0,1
20219,0,1
20220,0,0
20221,0,0
20222,0,0
20223,0,1
20224,0,1
20225,0,0
20226,1,1
20227,0,1
20228,0,1
20229,0,0
20230,1,0
20231,0,1
20232,0,1
20233,0,0
20234,0,0
20235,0,1
20236,0,1
20237,1,1
20238,0,0
20239,1,0
20240,1,0
20241,1,1
20242,0,1
20243,0,0
20244,0,1
20245,0,0
20246,0,0
20247,1,1
20248,0,1
20249,0,1
20250,0,1
20251,0,1
20252,0,0
20253,1,1
20254,0,0
20255,0,1
20256,0,0
20257,0,0
20258,0,1
20259,0,1
20260,0,0
20261,0,0
20262,1,1
20263,0,1
20264,0,1
20265,0,0
20266,0,1
20267,0,1
20268,0,0
20269,0,0
20270,0,0
20271,0,1
20272,0,1
20273,0,1
20274,0,1
20275,0,1
20276,1,0
20277,0,0
20278,1,1
20279,0,0
20280,0,1
20281,0,1
20282,1,1
20283,0,0
20284,0,0
20285,0,0
20286,0,1
20287,0,1
20288,0,1
20289,0,0
20290,0,1
20291,0,0
20292,1,1
20293,0,1
20294,0,0
20295,0,1
20296,0,0
20297,0,1
20298,0,1
20299,1,0
20300,0,0
20301,0,1
20302,0,0
20303,0,0
20304,0,1
20305,0,1
20306,0,1
20307,0,1
20308,0,1
20309,0,0
20310,1,1
20311,0,1
20312,0,1
20313,0,1
20314,0,0
20315,0,1
20316,0,1
20317,1,1
20318,0,0
20319,0,0
20320,0,0
20321,0,0
20322,0,0
20323,0,0
20324,1,0
20325,0,0
20326,0,0
20327,1,0
20328,0,1
20329,0,0
20330,0,0
20331,1,1
20332,0,0
20333,0,0
20334,1,0
20335,0,0
20336,0,0
20337,1,0
20338,0,1
20339,0,0
20340,0,0
20341,0,1
20342,0,0
20343,0,0
20344,0,0
20345,0,1
20346,1,1
20347,0,0
20348,1,1
20349,0,0
20350,1,0
20351,1,0
20352,0,1
20353,0,1
20354,0,0
20355,0,1
20356,1,1
20357,0,1
20358,0,0
20359,0,1
20360,1,0
20361,1,1
20362,0,0
20363,1,0
20364,0,1
20365,1,1
20366,0,0
20367,1,1
20368,0,1
20369,0,0
20370,0,0
20371,0,0
20372,1,1
20373,1,0
20374,0,1
20375,0,1
20376,0,1
20377,0,1
20378,0,1
20379,0,1
20380,0,1
20381,0,0
20382,0,0
20383,0,1
20384,0,0
20385,0,1
20386,0,0
20387,0,1
20388,0,0
20389,0,0
20390,1,0
20391,0,1
20392,1,1
20393,0,0
20394,0,0
20395,0,1
20396,0,0
20397,0,1
20398,0,0
20399,0,1
20400,0,0
20401,0,0
20402,0,1
20403,0,1
20404,1,0
20405,1,1
20406,0,1
20407,1,1
20408,0,1
20409,0,0
20410,1,1
20411,0,1
20412,0,0
20413,0,0
20414,0,1
20415,0,0
20416,1,0
20417,1,1
20418,0,0
20419,0,0
20420,0,0
20421,0,0
20422,0,1
20423,0,1
20424,0,1
20425,0,0
20426,0,1
20427,0,1
20428,0,1
20429,0,1
20430,0,0
20431,0,0
20432,0,0
20433,0,0
20434,0,0
20435,0,1
20436,0,0
20437,0,0
20438,0,0
20439,0,0
20440,0,1
20441,0,1
20442,0,0
20443,0,0
20444,0,0
20445,0,1
20446,0,1
20447,0,0
20448,0,1
20449,0,1
20450,0,1
20451,0,1
20452,0,0
20453,0,0
20454,1,1
20455,1,1
20456,0,1
20457,0,0
20458,0,0
20459,1,0
20460,0,0
20461,1,1
20462,0,0
20463,0,1
20464,1,1
20465,0,1
20466,0,1
20467,0,0
20468,1,0
20469,0,0
20470,0,1
20471,1,0
20472,1,0
20473,0,0
20474,0,0
20475,0,0
20476,0,0
20477,1,1
20478,0,0
20479,0,0
20480,0,0
20481,0,0
20482,0,0
20483,0,1
20484,0,1
20485,0,1
20486,1,0
20487,0,1
20488,0,1
20489,0,0
20490,1,1
20491,0,0
20492,0,1
20493,0,0
20494,0,0
20495,1,1
20496,0,1
20497,0,1
20498,1,0
20499,1,0
20500,0,1
20501,1,0
20502,0,0
20503,0,1
20504,0,0
20505,0,1
20506,0,1
20507,0,0
20508,1,0
20509,0,1
20510,0,0
20511,0,0
20512,0,1
20513,1,1
20514,0,1
20515,0,0
20516,1,0
20517,0,1
20518,0,1
20519,0,0
20520,0,1
20521,0,1
20522,0,0
20523,0,1
20524,1,0
20525,1,1
20526,1,1
20527,1,0
20528,0,1
20529,0,1
20530,0,0
20531,0,1
20532,0,0
20533,0,1
20534,1,1
20535,0,1
20536,0,0
20537,0,1
20538,0,1
20539,1,1
20540,0,1
20541,0,1
20542,0,1
20543,1,0
20544,0,0
20545,0,1
20546,0,1
20547,0,1
20548,0,1
20549,1,0
20550,0,1
20551,1,0
20552,1,0
20553,0,1
20554,0,1
20555,0,1
20556,0,0
20557,0,1
20558,0,1
20559,1,1
20560,0,0
20561,0,1
20562,0,1
20563,0,0
20564,0,1
20565,0,1
20566,0,1
20567,0,1
20568,0,1
20569,0,0
20570,0,1
20571,0,0
20572,1,0
20573,0,1
20574,1,1
20575,0,1
20576,0,0
20577,0,1
20578,0,0
20579,0,0
20580,0,1
20581,1,1
20582,0,0
20583,0,1
20584,0,0
20585,0,0
20586,0,0
20587,0,0
20588,0,0
20589,0,0
20590,0,1
20591,0,0
20592,1,0
20593,0,0
20594,0,1
20595,0,1
20596,0,1
20597,0,1
20598,0,0
20599,0,1
20600,0,1
20601,1,0
20602,0,1
20603,0,1
20604,0,1
20605,0,1
20606,0,1
20607,0,1
20608,0,1
20609,0,1
20610,0,1
20611,0,1
20612,1,0
20613,0,1
20614,1,0
20615,0,0
20616,0,0
20617,1,0
20618,1,0
20619,0,1
20620,0,0
20621,0,1
20622,0,1
20623,1,0
20624,1,1
20625,0,1
20626,0,1
20627,0,0
20628,0,1
20629,1,0
20630,0,1
20631,0,1
20632,0,0
20633,0,1
20634,0,1
20635,0,0
20636,0,1
20637,0,1
20638,0,1
20639,0,0
20640,0,1
20641,0,1
20642,0,1
20643,0,0
20644,0,1
20645,0,1
20646,0,0
20647,1,1
20648,0,0
20649,0,0
20650,1,1
20651,0,1
20652,1,0
20653,0,1
20654,0,0
20655,0,1
20656,0,1
20657,0,1
20658,1,0
20659,0,1
20660,0,0
20661,0,0
20662,1,0
20663,0,1
20664,0,1
20665,0,1
20666,0,1
20667,0,0
20668,1,0
20669,0,1
20670,1,1
20671,0,1
20672,0,1
20673,0,0
20674,1,0
20675,0,0
20676,0,1
20677,0,1
20678,0,0
20679,0,1
20680,1,0
20681,0,1
20682,0,1
20683,0,1
20684,0,0
20685,0,1
20686,0,0
20687,1,1
20688,0,1
20689,0,0
20690,1,0
20691,0,0
20692,1,0
20693,1,0
20694,0,0
20695,0,1
20696,0,1
20697,0,1
20698,0,0
20699,1,1
20700,0,1
20701,0,0
20702,1,1
20703,0,1
20704,1,1
20705,1,0
20706,0,1
20707,0,1
20708,0,0
20709,1,0
20710,0,0
20711,0,0
20712,0,0
20713,0,1
20714,0,0
20715,0,1
20716,0,1
20717,0,1
20718,0,1
20719,0,0
20720,0,1
20721,1,1
20722,0,1
20723,0,1
20724,0,1
20725,0,1
20726,0,1
20727,0,0
20728,0,1
20729,0,0
20730,0,0
20731,0,1
20732,0,1
20733,1,0
20734,1,1
20735,0,1
20736,0,1
20737,0,0
20738,0,1
20739,1,0
20740,0,1
20741,0,0
20742,0,0
20743,0,0
20744,0,0
20745,0,0
20746,0,1
20747,1,1
20748,0,0
20749,0,0
20750,0,1
20751,0,0
20752,0,0
20753,0,1
20754,0,1
20755,0,1
20756,0,1
20757,0,0
20758,0,1
20759,0,1
20760,0,0
20761,0,1
20762,1,1
20763,0,1
20764,0,0
20765,0,0
20766,0,0
20767,1,1
20768,0,1
20769,0,0
20770,0,0
20771,0,0
20772,0,1
20773,0,1
20774,0,1
20775,0,1
20776,0,0
20777,0,0
20778,0,0
20779,0,0
20780,0,1
20781,0,0
20782,0,1
20783,1,0
20784,1,1
20785,0,1
20786,0,0
20787,0,1
20788,0,1
20789,0,1
20790,0,1
20791,0,0
20792,1,0
20793,1,0
20794,0,0
20795,0,0
20796,0,0
20797,1,0
20798,0,1
20799,0,0
20800,0,1
20801,0,1
20802,0,0
20803,0,0
20804,0,0
20805,0,0
20806,0,1
20807,0,0
20808,0,1
20809,0,1
20810,0,0
20811,0,1
20812,0,0
20813,0,0
20814,1,0
20815,1,1
20816,0,0
20817,0,1
20818,0,1
20819,0,1
20820,0,0
20821,0,1
20822,0,1
20823,0,1
20824,0,0
20825,0,0
20826,0,1
20827,0,1
20828,0,1
20829,0,1
20830,0,1
20831,1,1
20832,0,1
20833,0,0
20834,0,0
20835,0,1
20836,0,1
20837,0,0
20838,1,0
20839,0,1
20840,0,1
20841,0,1
20842,0,1
20843,0,1
20844,0,1
20845,0,0
20846,1,1
20847,0,0
20848,0,0
20849,0,1
20850,0,1
20851,0,1
20852,0,1
20853,0,0
20854,0,0
20855,0,1
20856,0,0
20857,0,0
20858,1,0
20859,0,1
20860,0,0
20861,0,0
20862,0,1
20863,0,1
20864,0,0
20865,1,1
20866,0,1
20867,0,0
20868,0,1
20869,0,0
20870,0,1
20871,0,0
20872,0,1
20873,0,1
20874,0,0
20875,0,0
20876,0,0
20877,1,0
20878,0,0
20879,1,0
20880,0,0
20881,1,1
20882,0,1
20883,0,0
20884,1,0
20885,0,0
20886,0,1
20887,0,1
20888,0,1
20889,0,1
20890,0,1
20891,1,0
20892,0,0
20893,0,0
20894,0,1
20895,0,0
20896,0,0
20897,1,1
20898,0,1
20899,0,1
20900,0,1
20901,0,1
20902,0,1
20903,0,1
20904,1,0
20905,0,1
20906,1,0
20907,0,1
20908,0,1
20909,0,1
20910,0,0
20911,1,0
20912,0,1
20913,0,0
20914,0,1
20915,0,1
20916,0,0
20917,0,0
20918,0,1
20919,0,0
20920,0,1
20921,0,1
20922,0,0
20923,0,1
20924,1,0
20925,0,1
20926,0,1
20927,0,0
20928,0,1
20929,0,0
20930,0,1
20931,0,0
20932,0,0
20933,0,1
20934,0,1
20935,0,1
20936,1,0
20937,0,0
20938,0,1
20939,1,1
20940,0,1
20941,0,0
20942,0,1
20943,0,1
20944,0,0
20945,0,1
20946,0,0
20947,0,0
20948,0,0
20949,0,1
20950,0,1
20951,1,1
20952,1,1
20953,0,0
20954,1,0
20955,0,1
20956,0,1
20957,0,0
20958,0,1
20959,0,1
20960,0,1
20961,0,0
20962,0,1
20963,0,1
20964,0,1
20965,0,0
20966,0,1
20967,0,0
20968,0,0
20969,0,1
20970,0,0
20971,1,1
20972,0,1
20973,1,1
20974,1,0
20975,0,0
20976,0,1
20977,0,0
20978,0,0
20979,0,0
20980,0,0
20981,0,0
20982,0,0
20983,0,0
20984,0,1
20985,0,1
20986,0,1
20987,1,0
20988,0,1
20989,0,0
20990,1,1
20991,0,0
20992,0,0
20993,0,1
20994,0,1
20995,0,0
20996,0,1
20997,0,0
20998,0,0
20999,0,1
21000,0,1
21001,0,1
21002,0,0
21003,1,1
21004,0,1
21005,0,0
21006,0,1
21007,1,1
21008,0,0
21009,0,0
21010,0,1
21011,0,1
21012,0,0
21013,0,1
21014,1,0
21015,1,1
21016,1,0
21017,0,0
21018,0,0
21019,0,0
21020,0,0
21021,1,0
21022,0,1
21023,0,0
21024,0,0
21025,0,1
21026,0,1
21027,0,1
21028,0,1
21029,0,1
21030,0,0
21031,0,0
21032,0,1
21033,1,1
21034,0,1
21035,1,1
21036,0,0
21037,0,1
21038,0,1
21039,0,0
21040,0,1
21041,0,0
21042,0,1
21043,0,0
21044,0,0
21045,1,0
21046,0,0
21047,0,1
21048,0,0
21049,0,1
21050,0,1
21051,0,0
21052,0,1
21053,0,0
21054,0,1
21055,0,0
21056,0,0
21057,1,0
21058,0,0
21059,0,1
21060,0,0
21061,0,1
21062,1,0
21063,0,0
21064,0,1
21065,0,0
21066,0,1
21067,0,0
21068,0,1
21069,0,0
21070,0,1
21071,1,1
21072,1,0
21073,0,0
21074,0,0
21075,0,0
21076,1,0
21077,0,1
21078,1,1
21079,0,1
21080,0,0
21081,0,1
21082,1,1
21083,0,1
21084,1,1
21085,0,0
21086,0,1
21087,1,0
21088,0,0
21089,0,0
21090,0,1
21091,0,0
21092,0,1
21093,0,1
21094,0,1
21095,0,1
21096,0,0
21097,1,1
21098,0,0
21099,0,1
21100,1,0
21101,0,0
21102,1,0
21103,0,0
21104,0,0
21105,0,1
21106,0,0
21107,0,1
21108,0,1
21109,0,0
21110,0,0
21111,0,1
21112,0,0
21113,0,1
21114,1,1
21115,0,0
21116,1,0
21117,0,0
21118,1,0
21119,0,0
21120,0,0
21121,1,1
21122,0,0
21123,1,1
21124,0,0
21125,0,0
21126,0,0
21127,0,1
21128,0,1
21129,0,1
21130,0,0
21131,0,1
21132,0,1
21133,0,0
21134,0,1
21135,0,0
21136,0,1
21137,0,1
21138,1,0
21139,0,0
21140,0,1
21141,0,0
21142,0,1
21143,0,0
21144,0,1
21145,0,1
21146,0,1
21147,1,0
21148,0,0
21149,0,0
21150,0,0
21151,0,1
21152,0,1
21153,1,1
21154,1,1
21155,0,1
21156,0,0
21157,0,0
21158,0,1
21159,1,0
21160,0,1
21161,0,0
21162,0,1
21163,0,0
21164,1,0
21165,0,1
21166,0,1
21167,0,1
21168,1,0
21169,0,0
21170,0,1
21171,1,0
21172,0,0
21173,1,1
21174,0,0
21175,1,0
21176,0,0
21177,1,1
21178,0,0
21179,0,0
21180,0,1
21181,1,0
21182,0,0
21183,1,1
21184,0,1
21185,0,1
21186,1,1
21187,1,1
21188,0,1
21189,0,0
21190,0,1
21191,0,1
21192,0,1
21193,0,1
21194,0,1
21195,0,1
21196,0,1
21197,0,1
21198,0,1
21199,0,1
21200,0,0
21201,0,0
21202,0,0
21203,1,0
21204,1,0
21205,0,1
21206,1,0
21207,0,1
21208,0,0
21209,0,0
21210,0,1
21211,0,1
21212,0,0
21213,1,1
21214,1,1
21215,0,0
21216,0,1
21217,0,0
21218,0,1
21219,1,1
21220,0,1
21221,0,1
21222,0,0
21223,0,0
21224,0,1
21225,0,0
21226,0,1
21227,0,0
21228,0,1
21229,0,1
21230,1,0
21231,0,0
21232,1,0
21233,1,0
21234,0,0
21235,0,1
21236,0,1
21237,1,0
21238,0,1
21239,0,0
21240,0,0
21241,0,1
21242,1,0
21243,0,0
21244,1,0
21245,0,1
21246,0,0
21247,0,1
21248,0,0
21249,0,0
21250,0,0
21251,0,1
21252,1,0
21253,0,1
21254,0,1
21255,1,0
21256,0,1
21257,0,1
21258,0,1
21259,1,0
21260,0,0
21261,0,0
21262,1,0
21263,0,0
21264,0,1
21265,0,1
21266,1,1
21267,0,1
21268,1,0
21269,0,0
21270,0,1
21271,0,1
21272,0,0
21273,1,0
21274,0,0
21275,0,0
21276,0,0
21277,1,1
21278,0,1
21279,0,0
21280,0,0
21281,0,1
21282,0,1
21283,1,1
21284,0,0
21285,0,1
21286,0,0
21287,0,0
21288,1,1
21289,0,1
21290,0,1
21291,0,1
21292,0,1
21293,0,0
21294,0,1
21295,0,0
21296,1,0
21297,0,1
21298,1,1
21299,0,1
21300,0,0
21301,0,0
21302,0,0
21303,1,0
21304,1,0
21305,0,0
21306,0,1
21307,0,1
21308,0,1
21309,1,0
21310,0,1
21311,1,0
21312,0,1
21313,0,1
21314,1,1
21315,1,0
21316,1,1
21317,0,0
21318,0,1
21319,0,1
21320,0,0
21321,0,0
21322,0,0
21323,0,0
21324,0,0
21325,0,1
21326,0,1
21327,0,0
21328,1,1
21329,0,0
21330,0,1
21331,0,0
21332,0,0
21333,0,1
21334,0,0
21335,0,0
21336,1,1
21337,0,1
21338,0,1
21339,1,1
21340,0,1
21341,0,1
21342,0,1
21343,0,0
21344,0,1
21345,0,1
21346,0,1
21347,1,1
21348,0,0
21349,0,1
21350,0,0
21351,0,1
21352,0,1
21353,0,1
21354,0,1
21355,0,0
21356,1,1
21357,0,0
21358,0,0
21359,0,0
21360,0,0
21361,0,1
21362,1,0
21363,0,1
21364,0,0
21365,0,0
21366,0,0
21367,0,0
21368,0,0
21369,0,1
21370,0,1
21371,0,1
21372,0,1
21373,0,1
21374,0,1
21375,0,0
21376,0,0
21377,0,1
21378,0,0
21379,0,1
21380,0,0
21381,1,1
21382,0,1
21383,0,1
21384,0,1
21385,0,1
21386,0,1
21387,0,1
21388,0,1
21389,0,0
21390,0,0
21391,0,0
21392,0,1
21393,0,1
21394,0,1
21395,1,1
21396,0,1
21397,1,0
21398,0,0
21399,0,0
21400,0,1
21401,0,0
21402,0,1
21403,0,1
21404,0,0
21405,0,0
21406,0,1
21407,0,1
21408,0,0
21409,1,0
21410,0,1
21411,1,0
21412,0,0
21413,0,0
21414,0,1
21415,0,1
21416,0,0
21417,0,1
21418,1,1
21419,0,1
21420,0,0
21421,1,0
21422,1,1
21423,0,1
21424,0,1
21425,1,0
21426,0,1
21427,1,0
21428,1,0
21429,0,0
21430,0,1
21431,0,0
21432,0,0
21433,0,0
21434,0,0
21435,1,0
21436,0,1
21437,0,1
21438,0,1
21439,1,0
21440,0,0
21441,1,1
21442,0,1
21443,0,0
21444,0,1
21445,0,1
21446,0,0
21447,0,1
21448,1,1
21449,1,1
21450,1,1
21451,1,0
21452,0,0
21453,0,1
21454,1,1
21455,0,0
21456,1,0
21457,0,1
21458,0,1
21459,0,1
21460,0,0
21461,0,1
21462,0,1
21463,1,1
21464,0,1
21465,0,1
21466,1,0
21467,0,1
21468,0,1
21469,0,1
21470,0,1
21471,0,0
21472,1,0
21473,0,1
21474,0,0
21475,0,0
21476,1,0
21477,0,1
21478,1,1
21479,0,1
21480,0,0
21481,0,0
21482,1,1
21483,0,1
21484,0,1
21485,0,1
21486,0,1
21487,0,1
21488,0,0
21489,0,1
21490,1,0
21491,0,0
21492,0,0
21493,0,0
21494,1,0
21495,0,0
21496,0,0
21497,1,0
21498,0,1
21499,1,1
21500,0,1
21501,0,1
21502,0,0
21503,0,1
21504,1,0
21505,0,0
21506,1,0
21507,0,0
21508,1,0
21509,0,1
21510,0,1
21511,0,0
21512,0,0
21513,0,1
21514,0,1
21515,0,0
21516,0,1
21517,0,0
21518,0,0
21519,1,0
21520,0,0
21521,1,0
21522,0,0
21523,0,0
21524,0,0
21525,0,1
21526,0,1
21527,0,1
21528,0,1
21529,0,0
21530,0,1
21531,0,0
21532,0,0
21533,0,0
21534,0,1
21535,0,0
21536,1,0
21537,0,1
21538,0,1
21539,0,0
21540,1,1
21541,0,1
21542,0,1
21543,0,0
21544,0,0
21545,0,0
21546,0,0
21547,1,1
21548,0,0
21549,0,0
21550,0,1
21551,0,1
21552,0,0
21553,1,0
21554,0,1
21555,0,0
21556,0,1
21557,0,0
21558,0,1
21559,0,0
21560,0,1
21561,0,0
21562,0,0
21563,0,1
21564,0,0
21565,0,1
21566,0,1
21567,1,1
21568,0,1
21569,0,1
21570,1,0
21571,0,1
21572,0,1
21573,0,1
21574,0,0
21575,0,0
21576,0,0
21577,0,1
21578,0,1
21579,0,0
21580,0,1
21581,0,1
21582,0,1
21583,0,1
21584,0,1
21585,0,1
21586,0,0
21587,0,0
21588,1,0
21589,0,0
21590,1,0
21591,0,0
21592,0,1
21593,1,1
21594,1,0
21595,1,0
21596,0,1
21597,0,1
21598,0,0
21599,1,1
21600,0,1
21601,0,0
21602,0,1
21603,0,1
21604,0,0
21605,1,0
21606,0,1
21607,0,1
21608,0,1
21609,0,0
21610,0,1
21611,0,0
21612,0,0
21613,0,1
21614,0,0
21615,0,1
21616,0,0
21617,0,1
21618,0,0
21619,0,1
21620,0,1
21621,1,1
21622,0,1
21623,0,0
21624,0,0
21625,0,1
21626,0,1
21627,1,0
21628,0,1
21629,0,1
21630,0,0
21631,1,1
21632,0,1
21633,0,0
21634,1,0
21635,0,0
21636,0,1
21637,0,0
21638,1,0
21639,0,1
21640,0,1
21641,0,0
21642,0,1
21643,0,1
21644,0,1
21645,1,0
21646,0,1
21647,0,1
21648,0,1
21649,0,0
21650,0,1
21651,0,1
21652,0,1
21653,0,1
21654,1,1
21655,1,0
21656,0,1
21657,1,0
21658,1,0
21659,0,1
21660,0,1
21661,0,0
21662,0,0
21663,0,0
21664,0,1
21665,0,0
21666,0,0
21667,0,0
21668,1,1
21669,0,0
21670,0,0
21671,0,0
21672,0,1
21673,0,1
21674,0,1
21675,1,0
21676,0,0
21677,0,1
21678,0,0
21679,0,1
21680,0,0
21681,0,0
21682,0,1
21683,0,1
21684,0,0
21685,0,1
21686,0,0
21687,0,0
21688,0,1
21689,0,1
21690,0,1
21691,0,1
21692,0,0
21693,1,0
21694,0,0
21695,0,1
21696,0,0
21697,0,1
21698,1,1
21699,0,1
21700,0,0
21701,0,1
21702,0,1
21703,0,1
21704,0,0
21705,0,0
21706,1,1
21707,0,1
21708,0,0
21709,0,1
21710,0,0
21711,0,0
21712,0,0
21713,0,1
21714,0,1
21715,0,1
21716,0,1
21717,0,1
21718,0,0
21719,0,1
21720,0,0
21721,0,0
21722,0,1
21723,0,1
21724,1,1
21725,0,0
21726,1,0
21727,0,1
21728,1,1
21729,0,0
21730,0,0
21731,0,1
21732,0,0
21733,0,1
21734,0,0
21735,0,0
21736,0,0
21737,0,0
21738,0,1
21739,0,1
21740,0,1
21741,1,1
21742,0,1
21743,1,0
21744,0,0
21745,0,1
21746,0,0
21747,1,0
21748,1,0
21749,0,0
21750,0,1
21751,0,1
21752,0,0
21753,0,0
21754,0,0
21755,0,0
21756,0,1
21757,0,0
21758,0,0
21759,0,0
21760,1,1
21761,0,0
21762,0,0
21763,0,0
21764,1,0
21765,1,0
21766,0,1
21767,0,0
21768,0,1
21769,0,0
21770,0,1
21771,0,0
21772,0,0
21773,0,0
21774,1,0
21775,0,1
21776,0,0
21777,0,0
21778,0,1
21779,0,0
21780,0,1
21781,0,0
21782,1,1
21783,0,0
21784,0,0
21785,0,1
21786,0,0
21787,0,1
21788,0,1
21789,0,0
21790,0,0
21791,0,1
21792,0,1
21793,1,1
21794,0,1
21795,0,1
21796,0,0
21797,0,1
21798,0,1
21799,1,0
21800,1,1
21801,0,0
21802,1,1
21803,0,1
21804,0,1
21805,0,1
21806,1,0
21807,0,1
21808,0,0
21809,0,0
21810,1,1
21811,1,1
21812,0,1
21813,0,0
21814,0,1
21815,0,0
21816,0,0
21817,0,1
21818,0,1
21819,0,1
21820,0,1
21821,0,1
21822,1,0
21823,0,0
21824,0,0
21825,0,0
21826,0,0
21827,0,1
21828,1,0
21829,0,0
21830,0,1
21831,0,1
21832,0,0
21833,1,0
21834,0,0
21835,0,0
21836,0,1
21837,1,0
21838,0,0
21839,0,1
21840,0,1
21841,1,1
21842,0,1
21843,0,0
21844,0,1
21845,0,1
21846,0,0
21847,0,0
21848,0,1
21849,0,0
21850,1,0
21851,0,0
21852,0,1
21853,0,0
21854,0,0
21855,0,0
21856,0,1
21857,0,1
21858,0,0
21859,1,0
21860,1,0
21861,0,0
21862,1,1
21863,1,0
21864,1,1
21865,0,1
21866,0,0
21867,0,1
21868,0,1
21869,0,0
21870,1,1
21871,0,0
21872,1,0
21873,1,1
21874,0,1
21875,0,1
21876,1,1
21877,0,1
21878,0,1
21879,0,0
21880,1,0
21881,0,1
21882,0,0
21883,0,0
21884,0,0
21885,1,0
21886,0,1
21887,0,0
21888,1,1
21889,0,0
21890,1,0
21891,0,1
21892,0,0
21893,0,1
21894,0,0
21895,0,1
21896,0,1
21897,0,0
21898,0,0
21899,0,1
21900,0,1
21901,1,0
21902,0,1
21903,0,0
21904,0,0
21905,0,1
21906,1,0
21907,0,0
21908,1,1
21909,0,0
21910,0,0
21911,0,1
21912,0,0
21913,0,0
21914,0,1
21915,0,0
21916,0,0
21917,1,0
21918,0,1
21919,0,1
21920,0,0
21921,0,0
21922,0,1
21923,1,0
21924,0,0
21925,1,0
21926,0,1
21927,0,0
21928,0,1
21929,1,1
21930,0,1
21931,0,1
21932,0,1
21933,0,1
21934,0,0
21935,0,1
21936,0,0
21937,0,1
21938,0,1
21939,0,0
21940,0,0
21941,0,1
21942,0,0
21943,0,1
21944,0,1
21945,1,1
21946,0,0
21947,1,1
21948,0,0
21949,0,0
21950,0,1
21951,0,0
21952,0,0
21953,0,1
21954,0,0
21955,1,0
21956,1,1
21957,0,1
21958,1,0
21959,0,1
21960,0,1
21961,0,0
21962,0,1
21963,0,1
21964,0,1
21965,1,0
21966,0,0
21967,0,1
21968,0,0
21969,0,0
21970,1,0
21971,0,1
21972,0,1
21973,1,0
21974,0,1
21975,0,0
21976,0,0
21977,0,1
21978,0,0
21979,1,0
21980,0,0
21981,0,0
21982,0,1
21983,0,1
21984,0,1
21985,0,0
21986,0,1
21987,0,1
21988,0,0
21989,0,1
21990,0,1
21991,0,1
21992,0,0
21993,1,1
21994,1,1
21995,0,0
21996,0,1
21997,0,0
21998,0,1
21999,0,0
22000,0,0
22001,0,0
22002,1,0
22003,0,1
22004,0,0
22005,0,1
22006,0,0
22007,0,0
22008,0,0
22009,1,0
22010,1,0
22011,1,0
22012,0,0
22013,0,1
22014,0,1
22015,0,0
22016,0,0
22017,0,0
22018,0,1
22019,1,1
22020,0,1
22021,0,0
22022,0,0
22023,0,0
22024,0,0
22025,0,0
22026,0,1
22027,0,1
22028,0,0
22029,1,0
22030,0,0
22031,1,1
22032,0,0
22033,0,0
22034,1,0
22035,1,1
22036,0,1
22037,0,1
22038,0,0
22039,0,0
22040,0,1
22041,0,0
22042,0,1
22043,0,0
22044,0,0
22045,1,1
22046,0,1
22047,0,1
22048,0,0
22049,1,0
22050,0,0
22051,0,0
22052,1,1
22053,0,0
22054,1,1
22055,0,1
22056,0,1
22057,0,1
22058,0,1
22059,0,0
22060,0,1
22061,0,1
22062,0,0
22063,1,0
22064,0,1
22065,0,0
22066,0,1
22067,0,0
22068,0,1
22069,0,0
22070,0,1
22071,0,1
22072,0,1
22073,0,1
22074,0,0
22075,0,0
22076,0,0
22077,1,0
22078,0,1
22079,0,1
22080,0,0
22081,1,0
22082,0,1
22083,0,0
22084,0,1
22085,0,1
22086,1,0
22087,0,1
22088,0,0
22089,0,0
22090,1,0
22091,0,1
22092,0,1
22093,0,0
22094,0,0
22095,0,1
22096,0,1
22097,0,1
22098,1,1
22099,0,1
22100,0,0
22101,0,0
22102,1,1
22103,0,1
22104,0,0
22105,0,1
22106,0,1
22107,0,1
22108,0,1
22109,0,1
22110,0,1
22111,1,0
22112,0,0
22113,0,1
22114,0,0
22115,0,0
22116,0,1
22117,1,0
22118,0,1
22119,0,1
22120,0,1
22121,0,0
22122,0,0
22123,1,1
22124,1,0
22125,0,1
22126,0,1
22127,0,0
22128,0,0
22129,0,0
22130,0,1
22131,0,1
22132,0,1
22133,0,0
22134,0,0
22135,0,0
22136,0,1
22137,0,0
22138,0,1
22139,0,0
22140,1,0
22141,0,0
22142,0,1
22143,1,0
22144,0,1
22145,0,1
22146,1,0
22147,0,0
22148,0,0
22149,0,0
22150,0,0
22151,0,0
22152,0,1
22153,0,1
22154,0,0
22155,0,1
22156,0,0
22157,0,1
22158,0,1
22159,0,1
22160,0,0
22161,0,1
22162,0,1
22163,0,1
22164,0,0
22165,0,0
22166,0,1
22167,0,1
22168,0,1
22169,1,0
22170,0,0
22171,0,1
22172,0,0
22173,0,0
22174,0,1
22175,0,1
22176,0,0
22177,0,0
22178,0,1
22179,0,0
22180,1,0
22181,0,1
22182,0,1
22183,0,1
22184,0,0
22185,0,1
22186,0,1
22187,0,0
22188,0,0
22189,0,1
22190,0,0
22191,0,0
22192,0,1
22193,0,1
22194,1,1
22195,0,1
22196,1,1
22197,0,0
22198,0,1
22199,0,1
22200,1,0
22201,0,0
22202,0,0
22203,0,1
22204,0,0
22205,1,0
22206,1,0
22207,0,0
22208,0,1
22209,0,0
22210,0,1
22211,0,1
22212,0,0
22213,0,1
22214,0,1
22215,1,0
22216,0,1
22217,0,1
22218,0,1
22219,0,0
22220,0,0
22221,0,1
22222,0,1
22223,1,0
22224,0,1
22225,0,0
22226,0,1
22227,0,1
22228,0,1
22229,0,0
22230,0,1
22231,0,0
22232,0,0
22233,0,1
22234,0,0
22235,1,1
22236,0,1
22237,0,0
22238,1,0
22239,1,0
22240,1,0
22241,0,1
22242,0,0
22243,1,0
22244,1,0
22245,0,0
22246,0,1
22247,0,1
22248,1,1
22249,0,0
22250,1,0
22251,0,0
22252,0,0
22253,0,1
22254,0,1
22255,0,1
22256,1,0
22257,0,1
22258,0,0
22259,0,1
22260,0,1
22261,1,0
22262,0,0
22263,0,0
22264,0,0
22265,0,1
22266,0,0
22267,0,0
22268,1,1
22269,0,1
22270,0,0
22271,0,0
22272,0,1
22273,0,0
22274,0,1
22275,0,0
22276,0,1
22277,1,1
22278,0,1
22279,0,1
22280,0,0
22281,0,0
22282,0,1
22283,0,0
22284,0,1
22285,0,1
22286,0,1
22287,0,1
22288,0,1
22289,0,0
22290,0,1
22291,0,1
22292,0,0
22293,1,0
22294,1,0
22295,0,0
22296,0,1
22297,1,0
22298,0,1
22299,0,1
22300,1,0
22301,0,1
22302,0,1
22303,0,1
22304,1,0
22305,1,1
22306,0,0
22307,0,1
22308,1,1
22309,0,1
22310,1,0
22311,0,0
22312,0,1
22313,0,1
22314,1,1
22315,0,1
22316,0,0
22317,1,0
22318,0,1
22319,0,1
22320,1,1
22321,0,0
22322,0,0
22323,0,1
22324,0,0
22325,0,0
22326,0,0
22327,0,1
22328,0,1
22329,0,1
22330,0,1
22331,0,0
22332,0,1
22333,0,0
22334,0,0
22335,0,0
22336,0,1
22337,0,0
22338,1,0
22339,0,0
22340,0,0
22341,1,0
22342,0,1
22343,0,0
22344,0,0
22345,0,1
22346,1,0
22347,0,0
22348,0,0
22349,1,1
22350,0,0
22351,1,0
22352,1,1
22353,0,1
22354,1,0
22355,0,0
22356,0,0
22357,1,0
22358,1,0
22359,1,0
22360,0,1
22361,0,1
22362,0,1
22363,0,1
22364,0,0
22365,0,0
22366,0,1
22367,0,0
22368,0,1
22369,0,1
22370,0,1
22371,0,1
22372,1,0
22373,0,0
22374,1,0
22375,0,0
22376,0,1
22377,0,1
22378,1,1
22379,0,1
22380,0,0
22381,0,1
22382,0,0
22383,0,0
22384,0,1
22385,0,0
22386,0,1
22387,0,0
22388,0,0
22389,0,0
22390,0,1
22391,0,0
22392,0,0
22393,0,1
22394,0,0
22395,0,1
22396,1,1
22397,0,1
22398,0,1
22399,0,0
22400,0,0
22401,0,0
22402,1,0
22403,0,1
22404,0,1
22405,0,1
22406,0,1
22407,1,1
22408,0,1
22409,0,0
22410,1,0
22411,0,1
22412,0,0
22413,1,0
22414,0,1
22415,0,0
22416,0,1
22417,1,0
22418,1,1
22419,1,0
22420,0,1
22421,0,0
22422,1,0
22423,0,0
22424,1,1
22425,0,1
22426,1,0
22427,1,0
22428,0,1
22429,0,1
22430,0,1
22431,0,0
22432,0,0
22433,0,1
22434,0,0
22435,0,0
22436,0,1
22437,0,0
22438,0,1
22439,0,1
22440,0,1
22441,0,1
22442,1,1
22443,0,1
22444,0,0
22445,0,0
22446,1,0
22447,1,0
22448,1,0
22449,0,1
22450,0,0
22451,0,1
22452,0,1
22453,0,0
22454,0,1
22455,0,1
22456,1,1
22457,0,1
22458,1,0
22459,0,1
22460,0,1
22461,0,0
22462,1,0
22463,0,1
22464,0,1
22465,0,0
22466,0,0
22467,0,1
22468,0,1
22469,0,0
22470,0,0
22471,1,0
22472,1,1
22473,0,1
22474,0,1
22475,0,0
22476,1,1
22477,0,0
22478,0,0
22479,0,1
22480,0,1
22481,1,0
22482,0,1
22483,1,1
22484,1,1
22485,0,1
22486,0,1
22487,0,0
22488,0,1
22489,1,0
22490,0,0
22491,0,1
22492,0,0
22493,0,0
22494,1,1
22495,0,1
22496,0,1
22497,0,1
22498,0,1
22499,0,0
22500,0,1
22501,0,0
22502,0,1
22503,0,0
22504,0,0
22505,1,0
22506,0,1
22507,0,1
22508,0,1
22509,1,0
22510,0,1
22511,0,1
22512,0,1
22513,0,1
22514,0,1
22515,0,1
22516,0,0
22517,0,0
22518,1,1
22519,0,1
22520,0,1
22521,1,0
22522,0,0
22523,1,0
22524,0,1
22525,0,0
22526,0,0
22527,1,1
22528,0,0
22529,0,1
22530,0,0
22531,1,0
22532,0,0
22533,0,0
22534,0,1
22535,1,0
22536,0,0
22537,0,0
22538,1,1
22539,0,0
22540,1,1
22541,0,0
22542,0,1
22543,0,0
22544,0,0
22545,0,0
22546,0,1
22547,1,1
22548,0,1
22549,0,1
22550,0,1
22551,1,0
22552,0,0
22553,0,0
22554,0,0
22555,1,0
22556,0,1
22557,0,1
22558,0,0
22559,0,1
22560,1,0
22561,1,1
22562,0,1
22563,1,1
22564,0,0
22565,0,0
22566,0,1
22567,0,1
22568,0,1
22569,1,0
22570,1,1
22571,0,0
22572,0,0
22573,0,0
22574,0,0
22575,0,0
22576,1,0
22577,0,1
22578,0,1
22579,1,1
22580,0,0
22581,0,1
22582,0,0
22583,0,0
22584,0,1
22585,1,1
22586,1,1
22587,0,1
22588,1,1
22589,0,1
22590,1,1
22591,0,0
22592,1,1
22593,0,1
22594,0,0
22595,0,0
22596,0,1
22597,0,0
22598,0,0
22599,0,1
22600,0,1
22601,0,0
22602,0,0
22603,0,1
22604,0,1
22605,0,1
22606,0,1
22607,0,1
22608,0,1
22609,0,1
22610,0,1
22611,0,0
22612,0,1
22613,0,1
22614,0,0
22615,0,1
22616,0,1
22617,0,1
22618,0,1
22619,0,0
22620,0,1
22621,1,1
22622,0,0
22623,0,0
22624,0,1
22625,0,0
22626,1,0
22627,1,1
22628,0,0
22629,0,1
22630,0,0
22631,0,0
22632,1,0
22633,0,0
22634,0,1
22635,0,1
22636,0,0
22637,0,0
22638,0,1
22639,0,0
22640,0,1
22641,0,0
22642,0,1
22643,1,0
22644,1,0
22645,0,1
22646,0,1
22647,0,0
22648,0,0
22649,0,0
22650,0,1
22651,0,1
22652,0,1
22653,0,0
22654,0,1
22655,1,1
22656,0,1
22657,0,0
22658,1,0
22659,0,1
22660,0,0
22661,0,0
22662,0,1
22663,0,0
22664,0,1
22665,0,0
22666,1,1
22667,0,1
22668,0,0
22669,1,1
22670,0,1
22671,0,0
22672,0,0
22673,0,0
22674,1,0
22675,1,0
22676,1,1
22677,0,1
22678,0,1
22679,0,1
22680,1,1
22681,0,0
22682,1,0
22683,0,1
22684,0,1
22685,1,1
22686,0,1
22687,0,1
22688,0,1
22689,0,0
22690,0,1
22691,0,1
22692,1,1
22693,0,0
22694,1,0
22695,0,1
22696,0,1
22697,0,0
22698,0,1
22699,0,0
22700,0,0
22701,0,0
22702,0,0
22703,0,1
22704,0,1
22705,0,0
22706,0,0
22707,1,0
22708,1,0
22709,0,0
22710,0,1
22711,0,1
22712,0,0
22713,0,1
22714,0,0
22715,0,1
22716,1,0
22717,0,0
22718,1,0
22719,0,1
22720,0,1
22721,0,1
22722,0,1
22723,0,0
22724,1,0
22725,0,1
22726,1,1
22727,0,0
22728,1,0
22729,0,1
22730,0,0
22731,0,1
22732,0,1
22733,0,0
22734,0,0
22735,0,0
22736,1,0
22737,0,0
22738,0,1
22739,0,1
22740,0,0
22741,0,0
22742,0,1
22743,0,0
22744,0,1
22745,0,0
22746,0,0
22747,1,1
22748,0,1
22749,0,0
22750,0,1
22751,1,1
22752,0,1
22753,0,1
22754,0,1
22755,0,1
22756,0,1
22757,0,1
22758,0,0
22759,0,0
22760,1,1
22761,0,1
22762,0,0
22763,0,1
22764,0,1
22765,1,1
22766,0,0
22767,0,1
22768,1,1
22769,0,1
22770,0,1
22771,0,0
22772,0,0
22773,0,1
22774,0,1
22775,0,0
22776,0,1
22777,0,1
22778,0,1
22779,0,0
22780,0,1
22781,0,1
22782,0,1
22783,0,1
22784,0,1
22785,0,1
22786,0,1
22787,0,0
22788,0,1
22789,1,1
22790,0,1
22791,1,0
22792,0,1
22793,0,1
22794,0,0
22795,0,1
22796,0,0
22797,1,1
22798,1,0
22799,0,1
22800,0,1
22801,0,1
22802,1,1
22803,0,1
22804,1,0
22805,1,1
22806,0,1
22807,1,0
22808,0,1
22809,1,0
22810,0,0
22811,0,0
22812,1,1
22813,1,0
22814,0,0
22815,0,1
22816,0,0
22817,0,0
22818,1,0
22819,0,1
22820,0,1
22821,0,1
22822,0,1
22823,0,0
22824,1,0
22825,0,0
22826,0,1
22827,0,0
22828,0,1
22829,0,0
22830,0,1
22831,0,0
22832,1,0
22833,0,0
22834,0,1
22835,1,1
22836,0,0
22837,0,1
22838,0,0
22839,0,0
22840,0,1
22841,0,1
22842,0,0
22843,0,1
22844,0,0
22845,0,1
22846,0,1
22847,0,0
22848,0,1
22849,0,1
22850,0,0
22851,0,0
22852,0,0
22853,1,1
22854,0,0
22855,0,1
22856,0,0
22857,0,1
22858,0,1
22859,0,0
22860,0,0
22861,0,1
22862,1,0
22863,1,0
22864,0,1
22865,0,0
22866,1,1
22867,0,0
22868,0,0
22869,0,0
22870,0,1
22871,1,0
22872,0,0
22873,0,1
22874,0,1
22875,0,0
22876,1,0
22877,0,0
22878,0,1
22879,0,1
22880,0,1
22881,0,0
22882,1,0
22883,0,0
22884,1,0
22885,1,0
22886,0,0
22887,0,1
22888,0,1
22889,0,0
22890,0,0
22891,0,1
22892,0,0
22893,0,0
22894,0,0
22895,0,0
22896,0,0
22897,1,0
22898,0,0
22899,0,0
22900,1,0
22901,0,0
22902,1,0
22903,0,0
22904,0,0
22905,0,0
22906,1,0
22907,0,0
22908,0,1
22909,0,1
22910,0,1
22911,0,0
22912,0,0
22913,0,0
22914,0,1
22915,0,1
22916,1,1
22917,0,0
22918,0,0
22919,1,0
22920,1,0
22921,0,0
22922,0,1
22923,0,0
22924,1,0
22925,1,0
22926,0,1
22927,0,0
22928,0,0
22929,0,0
22930,0,1
22931,0,0
22932,0,1
22933,0,1
22934,0,1
22935,0,1
22936,0,1
22937,0,1
22938,0,0
22939,0,0
22940,0,1
22941,0,0
22942,1,1
22943,0,0
22944,1,1
22945,0,0
22946,0,1
22947,0,1
22948,0,0
22949,0,1
22950,0,0
22951,0,1
22952,1,1
22953,0,1
22954,0,0
22955,0,0
22956,0,1
22957,1,0
22958,0,0
22959,1,1
22960,0,0
22961,0,0
22962,0,0
22963,0,1
22964,1,0
22965,0,1
22966,0,1
22967,0,0
22968,0,0
22969,0,0
22970,1,1
22971,0,1
22972,1,0
22973,0,0
22974,0,1
22975,0,0
22976,0,0
22977,1,0
22978,1,1
22979,0,1
22980,0,0
22981,0,0
22982,0,1
22983,0,0
22984,0,1
22985,0,1
22986,1,1
22987,0,1
22988,1,0
22989,1,1
22990,0,1
22991,0,0
22992,0,1
22993,0,0
22994,1,1
22995,0,0
22996,0,1
22997,0,0
22998,0,1
22999,1,1
23000,1,1
23001,1,1
23002,1,1
23003,1,1
23004,0,1
23005,0,0
23006,0,1
23007,0,1
23008,1,0
23009,1,0
23010,1,0
23011,0,0
23012,0,1
23013,0,0
23014,0,0
23015,0,0
23016,0,0
23017,1,1
23018,0,1
23019,0,1
23020,0,0
23021,0,1
23022,0,0
23023,1,0
23024,0,0
23025,0,1
23026,0,1
23027,0,1
23028,0,0
23029,0,0
23030,0,1
23031,0,1
23032,0,1
23033,0,1
23034,0,0
23035,0,1
23036,0,1
23037,0,1
23038,0,0
23039,1,1
23040,0,0
23041,0,1
23042,0,0
23043,0,0
23044,0,0
23045,0,1
23046,0,1
23047,0,0
23048,1,0
23049,0,0
23050,0,1
23051,1,1
23052,0,0
23053,0,1
23054,1,0
23055,0,0
23056,0,1
23057,1,0
23058,0,1
23059,0,1
23060,0,0
23061,1,0
23062,0,1
23063,0,1
23064,0,1
23065,0,1
23066,0,0
23067,1,0
23068,1,1
23069,0,1
23070,1,0
23071,0,0
23072,0,0
23073,0,0
23074,0,1
23075,1,0
23076,0,0
23077,0,1
23078,0,0
23079,0,1
23080,1,0
23081,0,0
23082,0,1
23083,0,1
23084,0,1
23085,0,0
23086,0,1
23087,0,0
23088,0,1
23089,0,0
23090,1,0
23091,0,0
23092,0,0
23093,0,0
23094,0,1
23095,0,1
23096,0,0
23097,0,0
23098,1,0
23099,1,0
23100,0,0
23101,1,1
23102,0,1
23103,0,1
23104,0,1
23105,0,0
23106,0,1
23107,0,0
23108,0,1
23109,1,1
23110,0,1
23111,0,1
23112,0,1
23113,0,0
23114,0,1
23115,0,0
23116,0,0
23117,0,1
23118,0,1
23119,0,0
23120,1,0
23121,0,1
23122,0,0
23123,1,1
23124,0,0
23125,0,1
23126,1,1
23127,0,0
23128,0,1
23129,1,0
23130,1,0
23131,0,0
23132,0,0
23133,1,0
23134,0,0
23135,1,0
23136,1,0
23137,0,1
23138,0,1
23139,0,1
23140,0,0
23141,0,0
23142,1,1
23143,0,0
23144,0,0
23145,0,0
23146,1,0
23147,0,0
23148,0,1
23149,0,0
23150,1,1
23151,0,0
23152,0,0
23153,0,1
23154,0,1
23155,0,0
23156,0,0
23157,0,0
23158,0,1
23159,0,0
23160,0,1
23161,0,1
23162,0,0
23163,1,0
23164,0,0
23165,0,1
23166,0,0
23167,0,0
23168,0,0
23169,0,0
23170,1,1
23171,1,1
23172,0,0
23173,0,0
23174,0,1
23175,0,1
23176,1,0
23177,0,0
23178,0,0
23179,1,1
23180,0,0
23181,0,1
23182,0,0
23183,0,0
23184,0,0
23185,0,0
23186,0,1
23187,1,0
23188,0,0
23189,1,0
23190,1,1
23191,1,0
23192,1,1
23193,0,0
23194,0,1
23195,0,0
23196,0,1
23197,0,1
23198,1,0
23199,0,1
23200,0,0
23201,0,0
23202,0,0
23203,0,1
23204,0,0
23205,1,0
23206,0,1
23207,1,0
23208,0,1
23209,0,0
23210,0,0
23211,0,0
23212,0,1
23213,0,1
23214,0,1
23215,0,0
23216,1,0
23217,0,1
23218,0,1
23219,0,0
23220,0,1
23221,1,1
23222,0,0
23223,0,0
23224,0,1
23225,0,0
23226,0,1
23227,0,0
23228,0,1
23229,0,0
23230,0,1
23231,0,1
23232,0,0
23233,0,0
23234,1,1
23235,0,0
23236,0,1
23237,1,1
23238,1,1
23239,0,1
23240,0,1
23241,0,1
23242,0,0
23243,0,1
23244,0,0
23245,0,1
23246,0,1
23247,0,1
23248,0,1
23249,0,0
23250,0,1
23251,0,1
23252,0,1
23253,0,0
23254,0,0
23255,1,1
23256,0,0
23257,0,1
23258,0,1
23259,0,1
23260,1,0
23261,0,1
23262,0,0
23263,0,0
23264,1,0
23265,0,0
23266,0,0
23267,1,0
23268,0,0
23269,1,0
23270,0,0
23271,0,0
23272,1,0
23273,0,0
23274,0,0
23275,0,1
23276,0,1
23277,0,0
23278,1,0
23279,0,1
23280,0,0
23281,0,0
23282,0,1
23283,0,0
23284,0,0
23285,0,1
23286,1,1
23287,0,1
23288,0,1
23289,0,0
23290,0,0
23291,0,1
23292,0,1
23293,0,1
23294,0,0
23295,1,1
23296,0,0
23297,0,0
23298,1,0
23299,1,1
23300,1,1
23301,0,0
23302,0,0
23303,0,1
23304,0,1
23305,1,0
23306,0,1
23307,0,0
23308,1,0
23309,0,1
23310,0,0
23311,0,0
23312,0,1
23313,1,0
23314,1,0
23315,0,0
23316,0,0
23317,0,1
23318,0,0
23319,0,0
23320,1,0
23321,0,1
23322,1,1
23323,0,0
23324,0,0
23325,0,0
23326,0,1
23327,0,0
23328,1,0
23329,0,0
23330,0,1
23331,0,0
23332,1,1
23333,0,1
23334,0,1
23335,1,1
23336,0,1
23337,0,1
23338,0,1
23339,0,0
23340,1,1
23341,0,1
23342,0,1
23343,0,0
23344,0,1
23345,0,0
23346,0,1
23347,0,0
23348,1,0
23349,1,0
23350,0,0
23351,0,1
23352,0,0
23353,0,0
23354,1,0
23355,0,1
23356,0,0
23357,0,1
23358,0,0
23359,0,1
23360,1,0
23361,1,1
23362,0,0
23363,0,0
23364,0,0
23365,0,1
23366,1,1
23367,0,0
23368,0,1
23369,0,0
23370,1,0
23371,0,0
23372,0,1
23373,0,1
23374,0,1
23375,0,1
23376,0,1
23377,0,0
23378,0,0
23379,0,1
23380,0,1
23381,1,1
23382,0,0
23383,0,1
23384,0,0
23385,0,0
23386,0,0
23387,1,1
23388,1,1
23389,1,0
23390,0,1
23391,0,0
23392,0,1
23393,0,1
23394,1,1
23395,0,0
23396,0,1
23397,1,1
23398,0,0
23399,0,1
23400,1,1
23401,0,1
23402,0,1
23403,0,0
23404,1,0
23405,0,1
23406,0,0
23407,0,0
23408,0,1
23409,1,0
23410,0,0
23411,1,0
23412,1,1
23413,0,1
23414,1,0
23415,0,1
23416,0,1
23417,0,0
23418,0,1
23419,0,1
23420,0,1
23421,0,1
23422,0,0
23423,0,0
23424,1,0
23425,1,1
23426,1,0
23427,0,0
23428,1,0
23429,0,0
23430,1,0
23431,0,1
23432,0,1
23433,0,0
23434,1,1
23435,0,0
23436,0,0
23437,0,0
23438,1,0
23439,0,1
23440,0,0
23441,0,1
23442,0,0
23443,0,0
23444,1,0
23445,0,0
23446,0,0
23447,0,0
23448,1,1
23449,0,0
23450,0,1
23451,0,1
23452,0,1
23453,1,0
23454,0,0
23455,0,1
23456,0,0
23457,1,1
23458,0,1
23459,0,1
23460,0,1
23461,0,1
23462,0,0
23463,0,0
23464,0,0
23465,0,0
23466,0,0
23467,0,1
23468,0,1
23469,1,0
23470,0,0
23471,0,0
23472,0,1
23473,0,0
23474,1,1
23475,0,0
23476,0,0
23477,0,0
23478,0,0
23479,0,0
23480,0,0
23481,0,1
23482,0,0
23483,0,0
23484,0,1
23485,1,0
23486,1,0
23487,0,1
23488,0,0
23489,0,1
23490,0,0
23491,0,0
23492,0,1
23493,0,1
23494,1,0
23495,0,0
23496,0,0
23497,0,0
23498,0,0
23499,1,1
23500,0,0
23501,1,1
23502,1,0
23503,0,1
23504,1,1
23505,0,1
23506,0,0
23507,0,1
23508,1,0
23509,0,0
23510,0,1
23511,0,1
23512,0,0
23513,0,0
23514,0,0
23515,0,1
23516,0,1
23517,1,1
23518,0,1
23519,0,0
23520,0,1
23521,1,1
23522,0,1
23523,1,1
23524,0,0
23525,0,0
23526,0,0
23527,1,1
23528,0,1
23529,0,1
23530,0,1
23531,0,0
23532,1,0
23533,0,0
23534,1,1
23535,0,1
23536,0,0
23537,1,1
23538,0,0
23539,1,0
23540,0,1
23541,0,1
23542,0,1
23543,0,0
23544,0,1
23545,0,1
23546,0,0
23547,0,0
23548,0,1
23549,0,0
23550,1,0
23551,0,1
23552,0,1
23553,0,0
23554,0,0
23555,0,0
23556,0,1
23557,1,0
23558,0,0
23559,0,1
23560,0,0
23561,0,0
23562,0,1
23563,0,0
23564,0,1
23565,0,0
23566,1,0
23567,0,0
23568,0,0
23569,1,0
23570,0,1
23571,0,0
23572,0,1
23573,0,0
23574,0,1
23575,0,0
23576,0,1
23577,0,1
23578,0,0
23579,0,0
23580,0,0
23581,0,0
23582,1,0
23583,0,1
23584,1,1
23585,0,1
23586,1,1
23587,0,0
23588,0,0
23589,0,0
23590,0,0
23591,0,1
23592,0,0
23593,0,1
23594,0,1
23595,0,0
23596,0,1
23597,0,0
23598,0,1
23599,0,0
23600,0,1
23601,1,0
23602,0,0
23603,0,0
23604,0,0
23605,0,0
23606,1,0
23607,1,0
23608,0,1
23609,1,0
23610,1,0
23611,0,1
23612,0,1
23613,0,0
23614,0,0
23615,0,1
23616,0,1
23617,1,0
23618,0,1
23619,0,1
23620,0,1
23621,0,1
23622,0,1
23623,0,0
23624,1,0
23625,0,1
23626,0,1
23627,0,0
23628,0,0
23629,0,0
23630,0,0
23631,0,0
23632,0,1
23633,1,0
23634,0,1
23635,1,0
23636,0,0
23637,0,1
23638,0,0
23639,1,1
23640,0,0
23641,0,1
23642,1,0
23643,0,0
23644,0,0
23645,1,0
23646,0,1
23647,1,0
23648,0,0
23649,1,1
23650,0,1
23651,1,0
23652,0,0
23653,0,1
23654,0,1
23655,0,0
23656,0,1
23657,0,1
23658,0,1
23659,0,1
23660,0,0
23661,0,1
23662,0,1
23663,0,1
23664,0,1
23665,0,0
23666,0,1
23667,0,1
23668,1,1
23669,0,1
23670,0,1
23671,0,1
23672,0,0
23673,0,1
23674,0,1
23675,1,1
23676,0,1
23677,1,0
23678,0,1
23679,0,1
23680,0,0
23681,0,0
23682,0,0
23683,0,1
23684,0,0
23685,0,0
23686,0,1
23687,1,0
23688,0,0
23689,1,1
23690,0,1
23691,0,1
23692,0,0
23693,0,1
23694,0,0
23695,0,0
23696,0,1
23697,0,1
23698,0,0
23699,0,1
23700,0,1
23701,0,0
23702,0,1
23703,0,0
23704,0,1
23705,0,0
23706,0,1
23707,0,1
23708,0,0
23709,0,1
23710,0,1
23711,1,0
23712,0,1
23713,0,0
23714,1,0
23715,0,1
23716,0,1
23717,0,0
23718,0,0
23719,0,0
23720,1,0
23721,1,1
23722,0,0
23723,0,1
23724,1,0
23725,0,1
23726,0,0
23727,1,0
23728,1,0
23729,0,0
23730,0,0
23731,0,1
23732,1,0
23733,1,0
23734,1,0
23735,0,0
23736,1,0
23737,0,1
23738,0,0
23739,0,1
23740,0,1
23741,1,0
23742,0,0
23743,1,0
23744,1,0
23745,0,1
23746,1,0
23747,0,1
23748,0,0
23749,1,0
23750,0,1
23751,0,0
23752,0,0
23753,0,1
23754,0,1
23755,0,1
23756,0,0
23757,0,1
23758,0,0
23759,0,1
23760,0,0
23761,0,0
23762,0,0
23763,0,1
23764,1,1
23765,1,1
23766,0,0
23767,0,0
23768,0,0
23769,0,1
23770,0,1
23771,0,0
23772,0,0
23773,0,1
23774,0,0
23775,0,1
23776,0,0
23777,0,1
23778,0,0
23779,0,1
23780,0,0
23781,0,1
23782,0,1
23783,1,0
23784,0,0
23785,0,0
23786,0,1
23787,1,0
23788,0,1
23789,1,0
23790,0,0
23791,1,0
23792,0,1
23793,1,0
23794,0,1
23795,1,1
23796,0,0
23797,0,0
23798,0,1
23799,0,0
23800,0,0
23801,1,0
23802,0,1
23803,0,0
23804,0,1
23805,1,0
23806,0,1
23807,0,0
23808,0,1
23809,0,1
23810,0,1
23811,0,0
23812,0,0
23813,1,0
23814,0,1
23815,0,1
23816,0,1
23817,0,1
23818,0,1
23819,0,1
23820,1,1
23821,0,1
23822,0,1
23823,1,0
23824,0,1
23825,0,0
23826,0,1
23827,0,1
23828,1,1
23829,0,1
23830,1,1
23831,0,1
23832,0,1
23833,0,1
23834,0,1
23835,0,0
23836,0,0
23837,1,0
23838,0,1
23839,0,0
23840,0,0
23841,1,1
23842,0,0
23843,1,1
23844,0,1
23845,0,0
23846,0,0
23847,0,1
23848,0,0
23849,0,1
23850,1,0
23851,0,0
23852,1,0
23853,1,0
23854,0,1
23855,0,1
23856,0,1
23857,0,1
23858,1,0
23859,0,1
23860,1,0
23861,1,0
23862,0,0
23863,0,1
23864,0,1
23865,0,1
23866,0,1
23867,0,1
23868,1,1
23869,0,1
23870,0,0
23871,0,0
23872,0,1
23873,0,1
23874,0,0
23875,1,0
23876,1,1
23877,1,0
23878,0,0
23879,0,1
23880,0,1
23881,0,0
23882,0,0
23883,0,1
23884,0,0
23885,0,0
23886,0,1
23887,0,0
23888,0,1
23889,0,0
23890,0,0
23891,0,1
23892,1,1
23893,0,0
23894,1,1
23895,0,1
23896,0,1
23897,0,0
23898,0,0
23899,0,1
23900,0,0
23901,0,0
23902,0,1
23903,1,0
23904,1,0
23905,1,0
23906,0,1
23907,0,1
23908,0,0
23909,1,0
23910,0,1
23911,0,1
23912,0,1
23913,0,1
23914,0,1
23915,0,0
23916,0,1
23917,0,0
23918,0,0
23919,0,1
23920,1,0
23921,0,0
23922,0,0
23923,0,0
23924,0,0
23925,0,0
23926,0,0
23927,1,1
23928,0,1
23929,0,1
23930,0,1
23931,0,1
23932,0,1
23933,0,0
23934,1,0
23935,0,0
23936,0,1
23937,1,0
23938,0,1
23939,0,1
23940,1,1
23941,0,1
23942,0,1
23943,0,0
23944,0,0
23945,0,0
23946,0,0
23947,0,1
23948,0,0
23949,0,1
23950,1,1
23951,0,1
23952,1,0
23953,0,0
23954,0,1
23955,0,0
23956,0,0
23957,1,1
23958,1,1
23959,1,1
23960,0,0
23961,1,0
23962,0,0
23963,1,0
23964,0,1
23965,1,1
23966,0,1
23967,0,0
23968,0,1
23969,0,1
23970,0,0
23971,1,1
23972,0,0
23973,0,1
23974,0,0
23975,1,0
23976,0,0
23977,0,0
23978,1,0
23979,0,1
23980,0,1
23981,1,1
23982,0,1
23983,0,1
23984,0,1
23985,0,0
23986,0,0
23987,0,1
23988,0,1
23989,1,0
23990,0,1
23991,0,0
23992,0,1
23993,1,1
23994,0,0
23995,0,0
23996,0,0
23997,0,0
23998,0,1
23999,0,1
24000,0,0
24001,1,0
24002,0,1
24003,0,0
24004,0,1
24005,0,0
24006,0,1
24007,0,1
24008,0,1
24009,1,1
24010,0,0
24011,0,1
24012,0,1
24013,0,1
24014,0,1
24015,0,1
24016,0,0
24017,1,1
24018,0,1
24019,0,1
24020,1,0
24021,1,1
24022,0,1
24023,1,0
24024,0,1
24025,0,1
24026,0,0
24027,1,1
24028,0,0
24029,0,0
24030,0,0
24031,0,0
24032,0,1
24033,0,0
24034,0,1
24035,0,0
24036,0,0
24037,0,0
24038,1,0
24039,0,1
24040,0,1
24041,0,0
24042,1,1
24043,0,1
24044,0,1
24045,0,1
24046,1,0
24047,0,1
24048,1,1
24049,0,0
24050,0,1
24051,0,1
24052,0,0
24053,0,1
24054,0,0
24055,1,0
24056,1,1
24057,0,0
24058,0,1
24059,1,1
24060,0,0
24061,0,1
24062,1,0
24063,1,0
24064,0,1
24065,0,1
24066,0,1
24067,0,0
24068,0,0
24069,0,1
24070,1,1
24071,1,1
24072,0,1
24073,0,1
24074,0,1
24075,0,1
24076,0,0
24077,1,1
24078,1,1
24079,0,1
24080,0,1
24081,1,0
24082,0,1
24083,1,0
24084,0,0
24085,1,0
24086,0,0
24087,0,1
24088,0,1
24089,0,0
24090,1,0
24091,1,0
24092,0,1
24093,0,0
24094,0,0
24095,0,1
24096,0,1
24097,0,1
24098,1,0
24099,0,0
24100,0,0
24101,0,1
24102,0,0
24103,1,0
24104,0,1
24105,0,1
24106,0,0
24107,0,0
24108,0,0
24109,0,1
24110,1,1
24111,0,1
24112,0,0
24113,0,1
24114,0,0
24115,0,1
24116,0,0
24117,0,1
24118,0,1
24119,0,0
24120,0,1
24121,1,0
24122,0,1
24123,0,0
24124,0,0
24125,0,1
24126,0,0
24127,0,1
24128,0,1
24129,0,0
24130,1,1
24131,0,0
24132,1,0
24133,0,1
24134,0,1
24135,1,1
24136,0,0
24137,0,1
24138,0,1
24139,0,1
24140,0,1
24141,0,0
24142,0,1
24143,1,0
24144,0,0
24145,0,1
24146,0,0
24147,1,0
24148,1,1
24149,0,0
24150,0,1
24151,1,0
24152,0,1
24153,0,0
24154,0,1
24155,0,0
24156,1,0
24157,0,1
24158,0,1
24159,0,1
24160,0,1
24161,0,0
24162,0,0
24163,0,0
24164,0,0
24165,0,1
24166,0,0
24167,0,1
24168,0,1
24169,1,1
24170,0,1
24171,0,0
24172,0,1
24173,0,1
24174,0,1
24175,1,1
24176,1,1
24177,0,0
24178,0,0
24179,0,0
24180,0,0
24181,0,0
24182,0,1
24183,0,0
24184,0,1
24185,1,0
24186,0,0
24187,0,1
24188,0,1
24189,0,0
24190,0,1
24191,1,0
24192,0,0
24193,0,0
24194,0,1
24195,0,0
24196,0,0
24197,0,1
24198,0,0
24199,0,0
24200,0,1
24201,0,1
24202,1,1
24203,0,1
24204,1,0
24205,0,1
24206,1,1
24207,0,1
24208,1,1
24209,0,0
24210,0,0
24211,0,0
24212,1,1
24213,0,0
24214,0,1
24215,0,0
24216,1,0
24217,0,1
24218,1,1
24219,0,1
24220,0,0
24221,0,1
24222,0,1
24223,0,1
24224,0,1
24225,0,0
24226,1,0
24227,0,0
24228,1,0
24229,0,0
24230,0,1
24231,0,1
24232,1,0
24233,0,1
24234,0,1
24235,0,1
24236,0,1
24237,0,1
24238,0,1
24239,0,1
24240,0,1
24241,0,1
24242,0,1
24243,0,1
24244,0,0
24245,0,1
24246,0,1
24247,1,0
24248,0,1
24249,0,0
24250,0,1
24251,0,0
24252,1,1
24253,0,0
24254,0,0
24255,0,1
24256,0,1
24257,0,0
24258,0,0
24259,0,1
24260,0,1
24261,0,0
24262,1,1
24263,0,1
24264,0,0
24265,0,1
24266,0,0
24267,0,1
24268,0,1
24269,0,1
24270,1,0
24271,0,1
24272,0,0
24273,0,1
24274,0,1
24275,1,0
24276,1,0
24277,0,1
24278,0,0
24279,0,1
24280,0,0
24281,1,0
24282,0,0
24283,0,1
24284,1,1
24285,0,1
24286,1,0
24287,0,0
24288,0,0
24289,0,0
24290,0,1
24291,1,1
24292,0,1
24293,1,1
24294,0,1
24295,0,0
24296,0,0
24297,1,0
24298,0,0
24299,0,0
24300,0,0
24301,0,1
24302,1,1
24303,0,1
24304,0,0
24305,0,1
24306,1,1
24307,0,0
24308,1,1
24309,0,0
24310,0,0
24311,0,0
24312,0,1
24313,0,1
24314,0,1
24315,0,1
24316,0,0
24317,0,1
24318,0,1
24319,0,0
24320,0,0
24321,1,1
24322,0,1
24323,0,0
24324,0,1
24325,1,1
24326,1,0
24327,0,1
24328,0,0
24329,0,0
24330,0,0
24331,1,0
24332,0,1
24333,0,0
24334,0,1
24335,0,1
24336,1,1
24337,0,0
24338,0,0
24339,1,1
24340,0,0
24341,0,1
24342,1,0
24343,0,1
24344,0,0
24345,0,1
24346,0,1
24347,0,1
24348,0,1
24349,0,1
24350,0,1
24351,0,1
24352,0,0
24353,0,0
24354,0,0
24355,0,1
24356,0,0
24357,0,0
24358,0,0
24359,0,0
24360,0,0
24361,0,1
24362,1,1
24363,0,0
24364,0,0
24365,0,0
24366,0,1
24367,0,0
24368,0,1
24369,0,0
24370,0,1
24371,1,0
24372,0,1
24373,0,0
24374,0,0
24375,0,0
24376,0,1
24377,0,0
24378,0,1
24379,1,0
24380,0,0
24381,0,1
24382,0,0
24383,0,1
24384,0,1
24385,0,1
24386,1,0
24387,0,1
24388,0,1
24389,0,0
24390,0,1
24391,1,1
24392,0,1
24393,0,1
24394,0,1
24395,0,1
24396,0,1
24397,1,1
24398,1,1
24399,0,1
24400,0,1
24401,0,1
24402,1,1
24403,0,0
24404,0,1
24405,0,0
24406,0,1
24407,0,1
24408,0,0
24409,0,0
24410,0,1
24411,1,0
24412,0,0
24413,0,1
24414,0,0
24415,0,1
24416,0,0
24417,0,1
24418,0,1
24419,0,1
24420,0,1
24421,0,0
24422,0,1
24423,0,0
24424,0,1
24425,0,0
24426,0,1
24427,1,0
24428,1,0
24429,0,1
24430,0,1
24431,1,1
24432,0,0
24433,0,0
24434,1,0
24435,0,1
24436,0,1
24437,1,0
24438,0,1
24439,0,1
24440,0,1
24441,1,1
24442,1,1
24443,0,1
24444,0,1
24445,0,0
24446,0,0
24447,0,1
24448,0,1
24449,0,0
24450,0,1
24451,0,0
24452,0,1
24453,1,0
24454,0,1
24455,0,0
24456,0,1
24457,0,1
24458,1,1
24459,0,1
24460,0,1
24461,0,1
24462,1,1
24463,0,1
24464,0,0
24465,1,0
24466,0,1
24467,0,1
24468,0,0
24469,0,0
24470,0,1
24471,1,0
24472,0,0
24473,1,0
24474,0,0
24475,0,1
24476,0,1
24477,0,1
24478,0,1
24479,1,0
24480,1,0
24481,0,1
24482,0,0
24483,0,0
24484,1,1
24485,1,0
24486,0,1
24487,1,1
24488,0,0
24489,0,1
24490,0,1
24491,1,1
24492,0,1
24493,0,1
24494,0,0
24495,0,0
24496,0,1
24497,0,0
24498,0,0
24499,0,1
24500,0,1
24501,0,0
24502,1,0
24503,0,1
24504,0,0
24505,0,1
24506,0,1
24507,0,0
24508,0,0
24509,0,1
24510,1,1
24511,1,0
24512,0,1
24513,0,0
24514,0,0
24515,0,0
24516,0,0
24517,0,0
24518,1,1
24519,1,0
24520,0,1
24521,0,1
24522,0,0
24523,0,1
24524,0,0
24525,0,1
24526,1,1
24527,0,1
24528,0,1
24529,0,0
24530,0,1
24531,0,0
24532,1,1
24533,0,0
24534,0,1
24535,0,1
24536,0,1
24537,0,0
24538,1,1
24539,0,1
24540,0,1
24541,1,1
24542,0,0
24543,0,0
24544,0,0
24545,0,1
24546,0,1
24547,1,1
24548,1,0
24549,0,1
24550,0,0
24551,0,1
24552,0,1
24553,0,1
24554,1,1
24555,0,1
24556,0,1
24557,0,1
24558,0,0
24559,1,0
24560,0,0
24561,0,1
24562,1,0
24563,1,0
24564,1,0
24565,0,1
24566,0,0
24567,0,1
24568,0,0
24569,0,0
24570,0,1
24571,0,1
24572,0,0
24573,0,1
24574,1,1
24575,1,0
24576,0,1
24577,0,1
24578,0,1
24579,0,0
24580,0,0
24581,0,0
24582,0,1
24583,0,0
24584,0,1
24585,0,0
24586,0,0
24587,0,1
24588,0,1
24589,0,1
24590,1,0
24591,0,1
24592,0,0
24593,0,0
24594,1,0
24595,0,1
24596,0,0
24597,0,0
24598,0,0
24599,0,1
24600,0,1
24601,0,1
24602,0,0
24603,0,1
24604,0,0
24605,0,1
24606,1,0
24607,1,1
24608,1,1
24609,1,1
24610,0,1
24611,0,0
24612,0,0
24613,0,1
24614,0,1
24615,1,1
24616,1,0
24617,1,0
24618,0,0
24619,0,1
24620,0,0
24621,0,0
24622,0,1
24623,0,1
24624,1,0
24625,0,0
24626,0,0
24627,0,1
24628,0,1
24629,0,0
24630,0,1
24631,0,0
24632,0,1
24633,0,1
24634,0,0
24635,0,1
24636,0,0
24637,1,0
24638,0,0
24639,0,1
24640,0,0
24641,0,1
24642,0,1
24643,0,1
24644,1,1
24645,1,1
24646,0,0
24647,0,0
24648,0,0
24649,0,1
24650,0,0
24651,1,0
24652,0,0
24653,1,1
24654,1,1
24655,0,1
24656,1,1
24657,0,1
24658,0,1
24659,0,0
24660,0,1
24661,0,0
24662,0,1
24663,0,0
24664,1,1
24665,0,1
24666,1,1
24667,0,1
24668,0,1
24669,0,0
24670,0,0
24671,0,0
24672,0,1
24673,0,0
24674,0,0
24675,0,1
24676,0,1
24677,0,0
24678,1,0
24679,0,1
24680,0,1
24681,0,0
24682,0,1
24683,0,0
24684,0,0
24685,0,0
24686,0,0
24687,1,1
24688,1,0
24689,0,0
24690,0,0
24691,0,1
24692,0,1
24693,0,0
24694,0,0
24695,0,1
24696,0,1
24697,0,1
24698,0,0
24699,1,1
24700,0,1
24701,1,0
24702,0,1
24703,1,0
24704,1,1
24705,0,1
24706,0,1
24707,0,1
24708,0,1
24709,1,0
24710,0,0
24711,0,0
24712,0,1
24713,0,1
24714,1,0
24715,0,1
24716,0,0
24717,0,1
24718,0,1
24719,1,1
24720,0,0
24721,1,0
24722,0,1
24723,0,1
24724,1,0
24725,0,0
24726,0,0
24727,0,1
24728,0,1
24729,0,1
24730,0,0
